dsct,dsct_day,dsct_day_av,dsct_day_md,dsct_day_sd,outbreak_prob,control_prob,contained_prob,first_case_day,first_case_day_av,first_case_day_md,first_case_day_sd,first_case_inf,first_case_inf_av,first_case_inf_md,first_case_inf_sd,iq_factor,cluster_size,poisson_lambda,num_tests,label,beta,sct,sct_day,sct_day_av,sct_day_md,sct_day_sd,resurgence_prob,sct_control_prob,sct_contained_prob
True,55,42.9579349904398,44,8.74769290205049,52.3,47.3,0.4,43,32.8254847645429,33.5,10.5251322413793,5,6.88504155124654,5,6.34417507704869,0.1,0,0.05,6260,distributed,0.028231366,True,43,35.0042796005706,35,11.8970253154693,70.1000000000001,29.6,0.3
True,40,38.8051157125457,38,8.21208064938295,82.1000000000001,17.9,0,28,25.5905172413793,23.5,9.08475398152724,6,6.72306034482759,5,6.10591030349198,0.1,0,0.1,6260,distributed,0.028231366,True,28,28.3131749460043,26,10.9231153271874,92.6000000000001,7.40000000000001,0
True,42,39.0731102850062,39,8.67409984067959,80.7000000000001,19.3,0,28,26.3076086956522,25,9.66560164455523,5,6.76521739130435,5,5.98960031298106,0.1,0,0.1428,6260,distributed,0.028231366,True,29,28.6437908496732,27,11.1908829025802,91.8000000000001,8.20000000000001,0
True,55,41.4198473282443,41,8.90617265872793,52.4,47.4,0.2,43,29.4030769230769,27,10.3992894613899,6,6.68615384615385,5,5.83305901862761,0.1,0,0.15,6260,distributed,0.028231366,True,42,34.1622002820874,33,13.090244807569,70.9000000000001,29.1,0
True,41,40.3249176728869,40,7.66016857661771,91.1000000000001,8.70000000000001,0.2,28,26.3791708796764,25,7.05437575626201,5,6.87866531850354,5,6.03306023607871,0.1,0,0.167,6260,distributed,0.028231366,True,27,28.632382892057,28,9.30334511725246,98.2000000000001,1.8,0
True,30,31.332304526749,30,7.90463124381391,97.2000000000001,2.8,0,17,16.4264264264264,16,5.62761160304236,6,7.3053053053053,6,6.39114454620551,0.1,0,0.2,6260,distributed,0.028231366,True,17,18.3746223564955,16,8.67138924413771,99.3000000000001,0.7,0
True,38,36.4947245017585,36,9.62748278054207,85.3000000000001,14.7,0,25,23.8825331971399,21,11.0085625192955,6,7.00612870275792,5,6.17484130945231,0.1,0,0.25,6260,distributed,0.028231366,True,24,26.0341614906832,23,12.253358548801,96.6000000000001,3.4,0
True,39,38.8863387978142,38,7.81410936542569,91.5000000000001,8.50000000000001,0,25,24.5390781563126,23,7.74919841687591,5,6.54308617234469,5,5.84002217569543,0.1,0,0.3,6260,distributed,0.028231366,True,26,27.5745967741935,26,9.81268516564093,99.2000000000001,0.8,0
True,42,40.7585446527012,40,7.9171649508401,90.7000000000001,9.20000000000001,0.1,28,27.1278952668681,26,7.7986208208929,6,7.07754279959718,6,6.09186382302651,0.1,0,0.33,6260,distributed,0.028231366,True,29,29.1428571428571,28,9.63029126090511,98.7000000000001,1.3,0
True,36,36.896197327852,36,7.45583198275691,97.3000000000001,2.6,0.1,24,22.483,21,6.15594923630792,6,7.419,6,6.35385229604844,0.1,0,0.35,6260,distributed,0.028231366,True,22,24.2572572572573,23,8.08791068101453,99.9000000000001,0.1,0
True,34,35.1569416498994,34,7.38612524803729,99.4000000000001,0.6,0,22,20.397,20,5.47753512083674,7,7.169,5,6.1796795224348,0.1,0,0.4,6260,distributed,0.028231366,True,20,22.075,21,7.32266174283641,100,0,0
True,30,30.7525150905433,30,6.64621332955885,99.4000000000001,0.6,0,17,16.089,16,4.52493966810609,6,6.988,6,5.67396298895225,0.1,0,0.45,6260,distributed,0.028231366,True,17,17.64,17,6.85393317738071,100,0,0
True,30,30.7111334002006,30,6.34346317040152,99.7000000000001,0.3,0,18,16.192,16,4.24395287438492,7,7.281,6,5.84739591613224,0.1,0,0.5,6260,distributed,0.028231366,True,16,17.296,17,5.9920267022102,100,0,0
True,28,28.6556556556557,28,5.97555460173731,99.9000000000001,0.1,0,16,14.342,14,4.37207456478043,7,6.88,5,5.59228039354251,0.1,0,0.55,6260,distributed,0.028231366,True,15,15.6,15,5.90846849868898,100,0,0
True,30,30.2772772772773,30,5.64854851218334,99.9000000000001,0.1,0,17,16.623,16,3.83782112662902,6,7.876,6,6.15699796979015,0.1,0,0.6,6260,distributed,0.028231366,True,17,16.991,16,5.38190663241198,100,0,0
True,29,30.5445445445446,29,6.44339080398051,99.9000000000001,0.1,0,17,15.655,15,4.18712013202392,6,7.091,6,5.85463226855453,0.1,0,0.65,6260,distributed,0.028231366,True,17,17.221,16,6.19904500709585,100,0,0
True,27,28.362,28,6.10204523090414,100,0,0,15,14.044,14,3.68239921790129,6,7.515,6,5.9074338760582,0.1,0,0.7,6260,distributed,0.028231366,True,13,15.052,14,5.72339899011068,100,0,0
True,29,29.204,29,4.63922234862698,100,0,0,16,15.52,15,2.68804761862583,6,7.405,6,5.56389926220811,0.1,0,0.75,6260,distributed,0.028231366,True,15,15.932,16,4.36753660545621,100,0,0
True,24,24.691,24,4.47476468655057,100,0,0,13,11.721,12,2.97811332893831,9,8.41,7,6.16846009957104,0.1,0,0.8,6260,distributed,0.028231366,True,13,11.3537074148297,12,4.08454505412334,99.8000000000001,0.2,0
True,23,23.885,23,4.29112747421933,100,0,0,12,10.972,11,2.70799113735625,8,8.334,7,6.28796024160458,0.1,0,0.85,6260,distributed,0.028231366,True,11,10.765,10,3.81782333273817,100,0,0
True,29,29.3943943943944,29,6.02169988276456,99.9000000000001,0.1,0,17,15.596,16,4.28541526575897,7,7.797,6,5.99047502290094,0.1,0,0.9,6260,distributed,0.028231366,True,14,16.206,15,5.76260045465587,100,0,0
True,27,27.564,27,5.13048769611623,100,0,0,16,14.218,14,3.27024096971462,8,8.142,7,6.05126730528408,0.1,0,0.95,6260,distributed,0.028231366,True,15,14.243,14,4.61323649946542,100,0,0
True,25,25.406,25,4.84532393137961,100,0,0,13,12.201,12,3.18474473074374,6,8.148,7,6.05277589210108,0.1,0,1,6260,distributed,0.028231366,True,12,12.376,11,4.49940262701617,100,0,0
True,26,26.275,26,5.20705050868532,100,0,0,13,12.272,12,3.69783936914518,7,7.295,6,5.80344509752612,0.1,0,1.05,6260,distributed,0.028231366,True,14,13.2464929859719,13,4.7535834732468,99.8000000000001,0.2,0
True,27,27.2,27,5.00899191454728,100,0,0,15,13.827,14,3.4282752223239,7,7.967,6,6.07831481580216,0.1,0,1.1,6260,distributed,0.028231366,True,14,14.127,13,4.48629813989218,100,0,0
True,26,26.455,26,4.74973420308968,100,0,0,15,12.938,13,3.66116866587706,8,7.522,6,5.92600337495685,0.1,0,1.15,6260,distributed,0.028231366,True,13,13.3837675350701,13,4.43343294631226,99.8000000000001,0.2,0
False,,53.0243902439024,54,2.63408988196042,16.4,81.1000000000001,2.5,55,48.1049382716049,48,4.95486794518424,7,7.35185185185185,6,6.64345238062317,0.2,0,0.05,6260,distributed,0.028231366,True,54,48.7888283378747,50,5.53934015591232,73.4000000000001,25.9,0.7
False,,49.1188524590164,50,4.98010520606518,24.4,73.8000000000001,1.8,,43.4933078393882,43,8.64563977656672,,7.23135755258126,5,7.082551437747,0.2,0,0.1,6260,distributed,0.028231366,True,57,45.8616852146264,48,8.676757196271,62.9,36,1.1
True,49,43.9338842975207,44,8.02551256022826,72.6000000000001,27.2,0.2,37,33.3179433368311,33,10.282201901248,7,6.6894018887723,5,5.87023571275211,0.2,0,0.1428,6260,distributed,0.028231366,True,37,35.0492505353319,35,11.0392396509966,93.4000000000001,6.5,0.1
True,49,43.3148404993065,44,8.14990714161828,72.1000000000001,27.7,0.2,36,31.5723830734967,31,9.2764876942915,6,6.78730512249443,5,6.25714516102536,0.2,0,0.15,6260,distributed,0.028231366,True,35,33.9099099099099,34,10.7549900838446,88.8000000000001,11.2,0
True,38,37.6281464530892,36,9.57889960365988,87.4000000000001,12.5,0.1,26,25.0516717325228,21,11.0114780652279,6,6.98277608915907,6,5.89838876849876,0.2,0,0.167,6260,distributed,0.028231366,True,26,27.2393075356416,25,12.2100907623478,98.2000000000001,1.8,0
True,46,40.895251396648,41,8.71067731226887,71.6000000000001,28.2,0.2,33,28.0240384615385,27,9.15081433106353,6,6.69350961538462,5,5.97961731714689,0.2,0,0.2,6260,distributed,0.028231366,True,33,30.1557478368356,29,10.8830379000508,80.9000000000001,19,0.1
True,40,38.5933014354067,38,8.28569720034106,83.6000000000001,16.4,0,26,26.2224489795918,23,10.5163384119348,5,6.5265306122449,5,5.61796591521995,0.2,0,0.25,6260,distributed,0.028231366,True,27,29.1131498470948,26,11.9218676388791,98.1000000000001,1.9,0
True,36,36.8910386965377,36,6.94313102074355,98.2000000000001,1.8,0,23,22.109,21,5.47129957139983,6,7.099,5,6.19412616920256,0.2,0,0.3,6260,distributed,0.028231366,True,23,24.084,23,7.5167109828701,100,0,0
True,33,33.4412955465587,32.5,7.9610384206154,98.8000000000001,1.2,0,20,18.3413413413413,17,5.8914609321048,8,6.7977977977978,5,5.84785024668577,0.2,0,0.33,6260,distributed,0.028231366,True,19,20.587,19,8.5003782857,100,0,0
True,36,36.693009118541,36,8.13475549562336,98.7000000000001,1.3,0,24,22.036,21,6.75120018959592,8,7.216,6,5.9293628662783,0.2,0,0.35,6260,distributed,0.028231366,True,23,23.679,23,8.33330420661576,100,0,0
True,29,29.6906906906907,29,6.84808876571899,99.9000000000001,0.1,0,17,15.261,15,4.65713205739326,7,7.623,6,6.41629729672807,0.2,0,0.4,6260,distributed,0.028231366,True,14,16.518,15,6.60164191697793,100,0,0
True,32,32.1335341365462,31.5,6.48176620469829,99.6000000000001,0.4,0,19,17.675,17,4.60362628804728,6,7.304,6,6.21494843100086,0.2,0,0.45,6260,distributed,0.028231366,True,19,19.298,18,6.50916246532532,100,0,0
True,36,37.1584258324924,37,6.84955286970858,99.1000000000001,0.9,0,24,22.903,23,5.05268156526809,7,7.387,6,6.10534446202669,0.2,0,0.5,6260,distributed,0.028231366,True,24,24.16,23,6.91624175401641,100,0,0
True,32,32.4572864321608,32,7.37978596422387,99.5000000000001,0.5,0,19,17.845,17,5.73802884272988,6,7.233,6,5.97718253025621,0.2,0,0.55,6260,distributed,0.028231366,True,19,19.317,18.5,7.51641610077569,100,0,0
True,28,28.815,28,4.86505652587922,100,0,0,17,16.246,16,3.40814964460189,8,8.642,7,6.29411121604949,0.2,0,0.6,6260,distributed,0.028231366,True,16,15.583,15,4.26299319727348,100,0,0
True,33,34.079797979798,33,7.96093339786538,99.0000000000001,1,0,21,19.244,18,6.44798138955131,6,6.803,5,5.73918034217431,0.2,0,0.65,6260,distributed,0.028231366,True,21,21.167,20,8.1293979481878,100,0,0
True,28,28.649,28,5.74036575489751,100,0,0,15,14.37,14,3.22041922736777,6,7.479,6,6.35197284314094,0.2,0,0.7,6260,distributed,0.028231366,True,15,15.284,15,5.40771153076789,100,0,0
True,26,26.271,26,4.72837805172133,100,0,0,14,12.865,13,3.02865894415334,7,7.897,7,5.52742173169372,0.2,0,0.75,6260,distributed,0.028231366,True,13,12.802,12,4.44890952931165,100,0,0
True,29,29.865,29,5.73155956088742,100,0,0,17,16.114,16,3.92975877122248,6,7.678,6,5.85049707289902,0.2,0,0.8,6260,distributed,0.028231366,True,16,16.589,16,5.37457709964235,100,0,0
True,24,24.619,24,4.49108439021134,100,0,0,13,11.434,11,3.00027398748848,7,8.128,7,6.1305477732418,0.2,0,0.85,6260,distributed,0.028231366,True,11,11.6533066132265,10,4.10484391607367,99.8000000000001,0.2,0
True,28,28.739,28,4.59487529754617,100,0,0,16,15.528,15,2.75158427092466,6,7.801,7,5.81269292152957,0.2,0,0.9,6260,distributed,0.028231366,True,15,15.657,15,4.38581246749106,100,0,0
True,22,22.205,22,4.01085714031303,100,0,0,10,9.46,9,2.53976376854226,6,8.434,7,5.59550212224068,0.2,0,0.95,6260,distributed,0.028231366,True,9,9.02802802802803,8,3.77696712931303,99.9000000000001,0.1,0
True,26,26.195,26,4.71412505137486,100,0,0,14,12.931,13,3.0676112856749,10,7.967,6,6.10212348285415,0.2,0,1,6260,distributed,0.028231366,True,13,13.139,13,4.3055405003321,100,0,0
True,26,26.112,26,4.91685427890638,100,0,0,13,12.588,13,2.94520899088673,8,7.821,7,5.74377567458897,0.2,0,1.05,6260,distributed,0.028231366,True,13,12.749,12,4.55719200824367,100,0,0
True,26,25.804,26,4.10652943493651,100,0,0,14,13.279,13,2.87317924954222,8,8.749,7,6.16441392185827,0.2,0,1.1,6260,distributed,0.028231366,True,14,12.626,13,3.69379533813123,100,0,0
True,27,27.29,27,5.09390812637998,100,0,0,15,13.577,13,3.61553191107477,7,7.797,6,6.36818584841868,0.2,0,1.15,6260,distributed,0.028231366,True,13,14.271,14,5.01632923560645,100,0,0
False,,52.938679245283,54,2.94621825891971,21.2,76.1000000000001,2.7,,45.4432432432432,45,5.2547639753207,,6.65765765765766,5,5.95159982352462,0.3,0,0.05,6260,distributed,0.028231366,True,57,46.5910714285714,47,6.05795748186143,56,42.4,1.6
False,,45.6354838709677,46,6.36872643302977,31,68.3000000000001,0.7,,35.597619047619,34,8.50168017274451,,7.18333333333333,6,5.85639319631471,0.3,0,0.1,6260,distributed,0.028231366,False,,38.9405520169851,38,10.6288810028413,47.1,52.6,0.3
True,55,44.3019538188277,45,7.5231635019981,56.3,43.3,0.4,43,35.9324009324009,34,10.5572078612324,7,6.77738927738928,5,6.13774304509597,0.3,0,0.1428,6260,distributed,0.028231366,True,41,37.9211764705882,38,11.2978768866247,85.0000000000001,15,0
True,48,41.2837273991655,42,9.53786973724092,71.9000000000001,28,0.1,36,30.3344334433443,30,11.1824715614916,8,7.34433443344334,5,7.16267240924571,0.3,0,0.15,6260,distributed,0.028231366,True,33,32.6008869179601,32,12.5049134152859,90.2000000000001,9.80000000000001,0
False,,53.5265486725664,55,2.24824484932096,22.6,74.7000000000001,2.7,51,47.0872235872236,47,4.288549282111,6,6.84520884520885,5,6.4966913063002,0.3,0,0.167,6260,distributed,0.028231366,True,51,47.7391857506361,48,5.33788765614441,78.6000000000001,20.8,0.6
True,32,33.1291624621594,32,6.62757801294733,99.1000000000001,0.9,0,19,18.196,18,4.172,6,6.895,5,5.52593657220204,0.3,0,0.2,6260,distributed,0.028231366,True,19,19.972,19,6.81228419841686,100,0,0
True,34,34.0743801652893,33,8.65158017311508,96.8000000000001,3.2,0,20,19.5325977933801,18,7.76369857854946,5,6.97893681043129,5,6.37136882428763,0.3,0,0.25,6260,distributed,0.028231366,True,20,21.728184553661,20,9.73569150503887,99.7000000000001,0.3,0
True,35,35.3724899598394,35,6.96194519862763,99.6000000000001,0.4,0,23,21.362,21,4.99289054556577,7,7.616,6,6.20004387081253,0.3,0,0.3,6260,distributed,0.028231366,True,22,22.355,22,6.9363517067692,100,0,0
True,39,39.8497297297297,39,7.34524022622869,92.5000000000001,7.30000000000001,0.2,27,25.6442885771543,24,7.12040186297588,6,6.75951903807615,5,6.24790823265721,0.3,0,0.33,6260,distributed,0.028231366,True,26,28.289156626506,27,9.05265292560874,99.6000000000001,0.4,0
True,30,31.2874371859296,30,7.30318254882978,99.5000000000001,0.5,0,18,16.509,15,5.72170595189931,6,7.216,6,6.22810918337179,0.3,0,0.35,6260,distributed,0.028231366,True,17,18.243,17,7.56888043240214,100,0,0
True,32,33.0837589376915,32,7.97500767798064,97.9000000000001,2.1,0,18,17.6586586586587,17,6.33677815297037,5,6.56556556556557,5,5.87554060771333,0.3,0,0.4,6260,distributed,0.028231366,True,19,20.2652652652653,18,8.7571337831965,99.9000000000001,0.1,0
True,38,37.9704383282365,38,7.91842602124588,98.1000000000001,1.9,0,26,23.893,24,7.20427310698311,6,7.12,6,5.77040726465646,0.3,0,0.45,6260,distributed,0.028231366,True,26,25.2,25,8.38534435786629,100,0,0
True,35,35.6337033299697,35,6.65997232661673,99.1000000000001,0.9,0,23,21.475,21,4.86306230681862,6,7.299,6,5.89877945002184,0.3,0,0.5,6260,distributed,0.028231366,True,22,22.641,22,6.71491764655383,100,0,0
True,36,36.8974358974359,36,8.60803104975715,97.5000000000001,2.5,0,24,22.561,21,7.2443273669817,8,6.934,5,5.9381515642496,0.3,0,0.55,6260,distributed,0.028231366,True,23,24.3623623623624,23,9.24934458218661,99.9000000000001,0.1,0
True,29,30.474,29.5,6.59949422304467,100,0,0,17,15.489,15,4.30324052314067,7,6.696,5,5.43466503107597,0.3,0,0.6,6260,distributed,0.028231366,True,16,17.05,16,6.50718833291307,100,0,0
True,33,33.55,33,4.71948090365879,100,0,0,21,20.435,20,2.87780732503064,6,8.43,7,6.16044641239578,0.3,0,0.65,6260,distributed,0.028231366,True,21,20.361,20,4.34173686443571,100,0,0
True,29,29.475,29,5.23616032986004,100,0,0,17,15.692,15,3.33753441929817,9,7.476,6,5.55926469958033,0.3,0,0.7,6260,distributed,0.028231366,True,16,16.422,16,4.91791785209961,100,0,0
True,27,27.677,27,5.51712524780796,100,0,0,15,14.023,14,3.67593131056607,8,8.129,6,7.12463044655651,0.3,0,0.75,6260,distributed,0.028231366,True,14,14.532,14,5.08831760015037,100,0,0
True,29,29.405,29,4.60314837909881,100,0,0,18,17.056,17,3.225657142351,8,9.105,8,6.32423710814198,0.3,0,0.8,6260,distributed,0.028231366,True,18,16.444,17,4.16183421101802,100,0,0
True,28,28.443,28,4.80528365447868,100,0,0,17,15.482,15,3.62900482226188,9,8.265,7,5.7746666570461,0.3,0,0.85,6260,distributed,0.028231366,True,17,15.464,16,4.5193698675811,100,0,0
True,25,25.352,25,4.44860607381683,100,0,0,13,12.498,12,2.73788166289195,7,8.422,7,6.03671400680867,0.3,0,0.9,6260,distributed,0.028231366,True,12,12.179,11,4.20582441383375,100,0,0
True,26,26.412,26,4.44142499655235,100,0,0,15,13.595,13,3.53680293485515,7,8.091,7,6.24137156400739,0.3,0,0.95,6260,distributed,0.028231366,True,15,13.775,14,4.21715247530843,100,0,0
True,27,27.834,27,4.83533287375337,100,0,0,16,14.667,14,3.57212975688174,7,8.306,6,6.7390180293571,0.3,0,1,6260,distributed,0.028231366,True,15,14.758,15,4.60515320049182,100,0,0
True,26,26.839,26,4.74205430167138,100,0,0,15,13.787,14,2.87082409771132,7,8.276,7,5.96622359621227,0.3,0,1.05,6260,distributed,0.028231366,True,15,13.824,14,4.4390341291772,100,0,0
True,27,26.999,27,4.79072009201122,100,0,0,15,13.501,13,3.40382123502395,8.5,7.789,6,6.08970270210295,0.3,0,1.1,6260,distributed,0.028231366,True,14,13.992,13,4.47503474846844,100,0,0
True,21,21.833,22,3.46166303963861,100,0,0,11,10.062,10,2.30350949639892,9,9.118,8,6.07602468724412,0.3,0,1.15,6260,distributed,0.028231366,True,7,8.7,8,3.04795013082563,100,0,0
True,43,38.9767141009056,39,9.10450898724675,77.3000000000001,22.6,0.1,30,26.7175398633257,25,10.3776058772106,6,7.30296127562642,6,6.30393920855821,0.4,0,0.05,6260,distributed,0.028231366,True,30,28.6712328767123,27,11.5410383045323,87.6000000000001,12.3,0.1
False,,43.4029484029484,43,8.3120817992626,40.7,58.7,0.6,52,36.4166666666667,36,11.8256038918699,7,6.67438271604938,5,5.71497582611113,0.4,0,0.1,6260,distributed,0.028231366,True,51,38.6891495601173,40,12.4284521102749,68.2000000000001,31.5,0.3
False,,47.9236947791165,48,5.28031511503519,49.8,49.2,1,45,38.3740053050398,37,7.32718951841009,7,6.97877984084881,5,6.23709920305677,0.4,0,0.1428,6260,distributed,0.028231366,True,45,40.4126149802891,40,8.75558308054959,76.1000000000001,23.7,0.2
True,55,41.4519572953737,43,10.622711421683,56.2,43.8,0,42,32.1410090556274,35,12.9147683653774,6,6.90038809831824,5,6.58346058525313,0.4,0,0.15,6260,distributed,0.028231366,True,41,35.7303102625298,38,13.9583017837613,83.8000000000001,16.2,0
True,41,38.6804347826087,39,10.3446083323679,92.0000000000001,8.00000000000001,0,29,25.877755511022,25,10.8366947950243,8,7.33867735470942,6,6.33512388540232,0.4,0,0.167,6260,distributed,0.028231366,True,28,27.578313253012,27,11.7454123132352,99.6000000000001,0.4,0
True,33,33.7392670157068,32,8.78957482707466,95.5000000000001,4.5,0,20,19.1949748743719,17,8.23561177941738,6,7.02311557788945,5,6.0955926364593,0.4,0,0.2,6260,distributed,0.028231366,True,20,21.6538849646821,19,10.2091292193627,99.1000000000001,0.9,0
True,37,36.846408839779,36,8.00618896162235,90.5000000000001,9.30000000000001,0.2,23,22.7016129032258,20,8.51147691849229,5,6.30645161290323,5,5.59979466696546,0.4,0,0.25,6260,distributed,0.028231366,True,24,25.8840725806452,23,10.6747964184511,99.2000000000001,0.8,0
True,48,41.4606580829757,41,8.8876043379972,69.9,30.1,0,34,31.0413407821229,30,11.0136264199122,5,7.09162011173184,5,6.29200851225225,0.4,0,0.3,6260,distributed,0.028231366,True,35,34.0479825517993,33,12.553218826627,91.7000000000001,8.30000000000001,0
True,33,33.7026209677419,33,7.14843156053756,99.2000000000001,0.8,0,20,19.041,18.5,5.09306577613131,6,7.102,6,5.9448798137557,0.4,0,0.33,6260,distributed,0.028231366,True,19,20.866,20,7.66524911532561,100,0,0
True,31,32.6625641025641,31,8.27290812290294,97.5000000000001,2.5,0,19,17.6763527054108,16,6.8125828063102,6,7.05310621242485,6,6.08475421347636,0.4,0,0.35,6260,distributed,0.028231366,True,18,20.1472945891784,18,9.21189805778618,99.8000000000001,0.2,0
True,27,27.9399399399399,27,6.67824792829588,99.9000000000001,0.1,0,14,12.71,12,4.18089703293444,6,6.943,6,5.88334522189545,0.4,0,0.4,6260,distributed,0.028231366,True,14,14.668,13,6.56976224836181,100,0,0
True,31,32.3293293293293,31,6.90944216573902,99.9000000000001,0.1,0,19,17.801,17,5.24798999617949,7,7.207,6,5.85919371586228,0.4,0,0.45,6260,distributed,0.028231366,True,19,19.169,19,6.85568661769191,100,0,0
True,29,29.8048048048048,29,6.35116321717117,99.9000000000001,0.1,0,17,15.665,15,4.29729857003211,7,7.542,6,5.86295454527834,0.4,0,0.5,6260,distributed,0.028231366,True,17,16.552,16,6.10911581163756,100,0,0
True,27,28.001001001001,27,6.62637969836516,99.9000000000001,0.1,0,15,12.977,12,4.26057167525674,7,6.95,6,5.76814528249766,0.4,0,0.55,6260,distributed,0.028231366,True,13,14.8577154308617,14,6.34131059255458,99.8000000000001,0.2,0
True,26,26.076,26,4.98520049747249,100,0,0,13,12.087,12,3.2269848155825,7,7.405,6,5.91176581065252,0.4,0,0.6,6260,distributed,0.028231366,True,13,12.795,12,4.49477196306999,100,0,0
True,30,31.034,31,6.10826030879497,100,0,0,18,16.812,16,4.53879455362324,7,7.228,6,5.53967652485233,0.4,0,0.65,6260,distributed,0.028231366,True,17,17.828,17,5.98585131789957,100,0,0
True,32,32.114,32,5.35938466617204,100,0,0,20,18.931,19,3.75396310583895,6,8.196,7,5.92060672566587,0.4,0,0.7,6260,distributed,0.028231366,True,19,19,19,5.0029991005396,100,0,0
True,29,29.023,29,4.90657426316977,100,0,0,17,16.181,16,3.40708658533944,7,8.374,7,6.23924065892637,0.4,0,0.75,6260,distributed,0.028231366,True,16,15.899,15,4.52115018551696,100,0,0
True,26,26.627,26,5.71785545462632,100,0,0,14,12.104,12,3.7418156020841,7,7.156,6,5.97475221243526,0.4,0,0.8,6260,distributed,0.028231366,True,13,13.515,12.5,5.50361472125366,100,0,0
True,25,25.823,26,4.51682089527579,100,0,0,14,13.007,13,3.22969828312182,8,8.335,7,5.93032671949868,0.4,0,0.85,6260,distributed,0.028231366,True,13,12.713,12,4.21053808912828,100,0,0
True,25,25.866,25,4.59652520932933,100,0,0,14,13.324,13,3.02870005117707,8,8.69,7,6.27215274048711,0.4,0,0.9,6260,distributed,0.028231366,True,12,13.002,12,4.07725348733679,100,0,0
True,27,27.64,27,4.91227035086629,100,0,0,16,14.584,14,3.38274208298534,7,8.103,7,6.17757161026888,0.4,0,0.95,6260,distributed,0.028231366,True,14,14.597,14,4.61460626706115,100,0,0
True,27,27.92,27,5.04337188793371,100,0,0,16,15.037,15,3.44407186336174,9,8.661,7,6.5846851860966,0.4,0,1,6260,distributed,0.028231366,True,14,14.792,15,4.67747111161576,100,0,0
True,22,23.148,22,5.06932894967371,100,0,0,10,9.122,9,2.91806716852097,6,7.592,6,6.05570276681411,0.4,0,1.05,6260,distributed,0.028231366,True,9,10.0120481927711,9,4.79874642910523,99.6000000000001,0.4,0
True,21,21.56,21,3.52539359504723,100,0,0,10,9.683,10,2.05779274952557,9,8.812,8,6.09447750016357,0.4,0,1.1,6260,distributed,0.028231366,True,9,8.63063063063063,8,3.30963084936398,99.9000000000001,0.1,0
True,24,24.348,24,4.77104768368542,100,0,0,12,10.87,10,2.93003412949406,7,7.648,6,5.65810003446387,0.4,0,1.15,6260,distributed,0.028231366,True,10,11.437875751503,11,4.44895884068682,99.8000000000001,0.2,0
False,,51.7541528239203,52,3.38346934578313,30.1,67.8000000000001,2.1,55,43.0389830508475,42,5.47259790039189,6,7.04406779661017,5,6.42965247199706,0.5,0,0.05,6260,distributed,0.028231366,True,55,44.5034129692833,44,6.88576872086465,58.6000000000001,40.4,1
True,40,38.9342105263158,38,8.0406697674849,83.6000000000001,16.1,0.3,28,26.0237324703344,24,8.70401944903644,6,7.15857605177993,6,6.29615122932006,0.5,0,0.1,6260,distributed,0.028231366,True,28,27.9978260869565,26,10.5024839531963,92.0000000000001,7.80000000000001,0.2
True,53,43.5638841567292,44,7.67530546913294,58.7,40.5,0.8,40,34.3031784841076,33,10.4314511584593,6,7.23838630806846,5,6.37773045892944,0.5,0,0.1428,6260,distributed,0.028231366,True,39,37.0348432055749,36,11.6979481758956,86.1000000000001,13.6,0.3
True,38,36.9234184239734,36,8.63270218569592,90.1000000000001,9.90000000000001,0,25,24.0040650406504,22,9.18010750042433,6,7.13922764227642,6,6.31731439712173,0.5,0,0.15,6260,distributed,0.028231366,True,24,25.7659137577002,24,10.8341344148127,97.4000000000001,2.6,0
True,46,43.2029177718833,43,6.74624894113254,75.4000000000001,24,0.6,33,30.628507295174,29,8.04142165951168,5,6.65881032547699,5,5.95326715597963,0.5,0,0.167,6260,distributed,0.028231366,True,33,33.6618784530387,32,9.93651310088257,90.5000000000001,9.30000000000001,0.2
True,48,42.8253382533825,45,9.83674850728368,81.3000000000001,18.7,0,36,31.9574898785425,34,10.653743073332,8,7.61842105263158,6,6.72050044653406,0.5,0,0.2,6260,distributed,0.028231366,True,34,33.369918699187,35,11.6234689346464,98.4000000000001,1.6,0
True,38,38.0923076923077,38,7.51393183344334,97.5000000000001,2.5,0,26,24.421,24,6.27453257223198,7,7.564,6,6.50768038551372,0.5,0,0.25,6260,distributed,0.028231366,True,26,25.637,25,8.16193794389543,100,0,0
True,39,38.5606557377049,38,7.53174582672725,91.5000000000001,8.50000000000001,0,26,24.3137860082304,23,7.00274015059526,7,6.87962962962963,5,5.96413463299069,0.5,0,0.3,6260,distributed,0.028231366,True,26,26.8458376156218,25,9.61258145037673,97.3000000000001,2.7,0
True,32,33.066599394551,32,7.97660583239565,99.1000000000001,0.9,0,20,18.457,18,6.37292326958359,7,7.226,5.5,6.30229513748761,0.5,0,0.33,6260,distributed,0.028231366,True,19,20.337,20,8.39877556552144,100,0,0
True,34,35.0359342915811,34,8.25888497352696,97.4000000000001,2.6,0,22,20.594,19,7.42638296884829,6,7.19,5,6.47270422621025,0.5,0,0.35,6260,distributed,0.028231366,True,21,22.5745745745746,21,9.19569219521529,99.9000000000001,0.1,0
True,34,34.833836858006,34,8.06466707725993,99.3000000000001,0.7,0,22,20.426,20,6.60291783986443,6,7.21,6,6.26257934081477,0.5,0,0.4,6260,distributed,0.028231366,True,21,22.022,21,8.16991529943854,100,0,0
True,32,32.3243243243243,32,6.37915453108407,99.9000000000001,0.1,0,20,18.528,18,4.65738295612461,9,7.493,6,5.64853529687122,0.5,0,0.45,6260,distributed,0.028231366,True,20,19.357,19,6.15577379376468,100,0,0
True,28,28.855,28,5.8501260670177,100,0,0,16,15.384,15,3.7831923028046,8,7.905,7,6.03671889357124,0.5,0,0.5,6260,distributed,0.028231366,True,16,15.852,15,5.55464634337777,100,0,0
True,30,30.285,30,6.25713792400327,100,0,0,18,16.604,16,4.57046868493812,8.5,7.96,6,6.38141050238895,0.5,0,0.55,6260,distributed,0.028231366,True,17,17.233,17,6.15684261614669,100,0,0
True,29,29.384,29,5.61858914675206,100,0,0,17,15.806,16,3.84452389770177,7,7.739,6,6.38364151562413,0.5,0,0.6,6260,distributed,0.028231366,True,16,16.392,16,5.40669362919705,100,0,0
True,28,28.303,28,5.54357204336698,100,0,0,16,14.852,14,4.23203213598385,7,7.885,7,6.02310343593732,0.5,0,0.65,6260,distributed,0.028231366,True,15,15.351,15,5.23429068738067,100,0,0
True,30,31.27,31,6.24316426181468,100,0,0,19,17.244,16,4.6840649013437,7,7.504,6,6.20870227986493,0.5,0,0.7,6260,distributed,0.028231366,True,18,18.275,17,5.97573217271323,100,0,0
True,26,26.515,26,4.74191680652455,100,0,0,14,13.311,13,3.24442275297163,6,8.086,7,6.10955022894485,0.5,0,0.75,6260,distributed,0.028231366,True,13,13.388,13,4.60037563683663,100,0,0
True,30,30.65,30.5,5.36428000760587,100,0,0,19,17.688,17,4.26293983068023,8,8.277,7,6.61968813464804,0.5,0,0.8,6260,distributed,0.028231366,True,18,17.613,18,5.00651885045887,100,0,0
True,23,23.808,23,4.11231516301949,100,0,0,12,11.566,11,2.72206612704394,8,8.886,8,5.80094854312637,0.5,0,0.85,6260,distributed,0.028231366,True,11,10.9729458917836,11,3.56815540652146,99.8000000000001,0.2,0
True,27,27.168,27,4.95174474301735,100,0,0,15,13.961,14,3.27345062586867,9,7.912,6,6.25381931302784,0.5,0,0.9,6260,distributed,0.028231366,True,14,14.046,14,4.61409622786521,100,0,0
True,25,25.587,25,4.71512788797929,100,0,0,13,12.411,12,3.10098032886376,7,8.119,7,5.90583093222283,0.5,0,0.95,6260,distributed,0.028231366,True,11,12.525,12,4.42011029274157,100,0,0
True,26,25.984,26,4.23246311265674,100,0,0,14,13.27,13,3.22197144618012,7,8.25,7,5.95075625446044,0.5,0,1,6260,distributed,0.028231366,True,13,12.821,13,3.78509696044897,100,0,0
True,26,26.546,26,5.30187551721087,100,0,0,14,12.976,13,2.91160162110135,8,8.136,6,6.33762605397321,0.5,0,1.05,6260,distributed,0.028231366,True,12,13.38,13,4.95979838299905,100,0,0
True,25,25.41,25,4.87400246204287,100,0,0,13,11.433,11,3.30265211610306,7,7.22,6,6.17151521103205,0.5,0,1.1,6260,distributed,0.028231366,True,12,12.65,12,4.7706917737368,100,0,0
True,25,25.58,25,4.1431389066745,100,0,0,14,13.421,13,2.75749143244363,7,8.654,7,6.06665344320903,0.5,0,1.15,6260,distributed,0.028231366,True,10,12.377,12,3.95485410603223,100,0,0
True,55,45.6557971014493,46,6.27056059389675,55.2,43.9,0.9,42,35.1010638297872,33,8.51143779489407,6,6.6063829787234,5,6.21013770551124,0.6,0,0.05,6260,distributed,0.028231366,True,42,37.1130790190736,36,9.59149362300713,73.4000000000001,26,0.6
True,46,37.4102167182663,36,9.48799898402372,64.6000000000001,35.4,0,33,26.3324873096447,23,12.2820536984606,6,6.71319796954315,5.5,5.59404854404145,0.6,0,0.1,6260,distributed,0.028231366,True,33,29.5402010050251,27,13.629046057667,79.6000000000001,20.4,0
True,35,35.6453362255965,35,7.5404207194724,92.2000000000001,7.7,0.1,23,21.2392197125257,20,7.10548720828676,7,6.91786447638604,5,6.0876072618601,0.6,0,0.1428,6260,distributed,0.028231366,True,22,23.6832814122534,22,9.19977881527522,96.3000000000001,3.7,0
True,38,37.599537037037,37,7.8936390101589,86.4000000000001,13.4,0.2,26,24.1427072402938,22,8.23899258143215,6,6.96747114375656,5,6.86230878440523,0.6,0,0.15,6260,distributed,0.028231366,True,25,26.5267094017094,24,10.0244003734476,93.6000000000001,6.4,0
False,,47.432967032967,48,5.25141644827364,45.5,53.3,1.2,48,37.3443396226415,35,7.31862335650237,5,7.47641509433962,6,6.44871473548384,0.6,0,0.167,6260,distributed,0.028231366,True,49,39.516975308642,38,9.0348957641207,64.8,34.5,0.7
True,38,37.794363256785,38,7.51105584298208,95.8000000000001,4.1,0.1,25,24.054054054054,24,6.27347093072086,6,7.22322322322322,6,6.04481273342718,0.6,0,0.2,6260,distributed,0.028231366,True,25,25.6218655967904,25,8.84426970698767,99.7000000000001,0.3,0
True,38,35.9778037383178,36,9.02997204737836,85.6000000000001,14.4,0,26,23.3600427350427,22,10.1505581505356,7,7.1474358974359,6,6.24274397999285,0.6,0,0.25,6260,distributed,0.028231366,True,25,25.0205627705628,23,11.3104847973001,92.4000000000001,7.60000000000001,0
True,41,40.6338329764454,40,7.48994835908646,93.4000000000001,6.4,0.2,28,27.2106318956871,26,7.37774087938549,6,7.21965897693079,6,6.30779354944655,0.6,0,0.3,6260,distributed,0.028231366,True,28,28.8068410462777,27,9.17924094173828,99.4000000000001,0.6,0
True,34,34.4702868852459,34,8.68088265605455,97.6000000000001,2.4,0,21,19.939,18,7.81071565223059,6,6.715,5,5.68522426998267,0.6,0,0.33,6260,distributed,0.028231366,True,20,22.1401401401401,21,9.55760054137485,99.9000000000001,0.1,0
True,34,35.1100917431193,34,7.51336628126132,98.1000000000001,1.9,0,22,20.723,20,5.77323747995871,6,7.26,6,6.42513813081089,0.6,0,0.35,6260,distributed,0.028231366,True,20,22.4164164164164,21,8.10360655572448,99.9000000000001,0.1,0
True,31,32.5678137651822,31,7.44048290829543,98.8000000000001,1.2,0,19,18.1633266533066,17,5.78128222835721,6,7.18937875751503,5,6.05231099263188,0.6,0,0.4,6260,distributed,0.028231366,True,19,19.9119119119119,18,7.9967616223502,99.9000000000001,0.1,0
True,32,32.5385385385385,32,6.4615801693201,99.9000000000001,0.1,0,20,19.123,19,4.37285616045166,7,8.343,7,6.69054190630325,0.6,0,0.45,6260,distributed,0.028231366,True,19,19.424,19,6.15745272007833,100,0,0
True,30,30.574,30,5.75469582167468,100,0,0,18,17.297,17,3.9151999948917,7,8.026,6,6.15737963747567,0.6,0,0.5,6260,distributed,0.028231366,True,18,17.758,17,5.38808277590462,100,0,0
True,34,35.3987975951904,35,6.65671858815122,99.8000000000001,0.2,0,22,21.412,21,4.66757495922669,6,7.544,6,6.07091953496338,0.6,0,0.55,6260,distributed,0.028231366,True,22,22.463,22,6.33471633145479,100,0,0
True,28,28.273,28,5.60093483268642,100,0,0,16,14.325,14,3.90017627806744,8,7.27,6,5.78075254616559,0.6,0,0.6,6260,distributed,0.028231366,True,14,15.354,15,5.44726390034483,100,0,0
True,27,27.648,27,5.65597878355285,100,0,0,15,13.574,13,3.61642420078176,6,7.415,6,5.83461866791653,0.6,0,0.65,6260,distributed,0.028231366,True,14,14.464,14,5.3677466408168,100,0,0
True,27,27.592,27,5.78805114006433,100,0,0,15,13.494,13,3.91228373204194,7,7.389,6,6.14928280370971,0.6,0,0.7,6260,distributed,0.028231366,True,14,14.547,13,5.56127602264085,100,0,0
True,31,31.785,31,6.05597019477474,100,0,0,20,18.601,18,5.01595444556667,7,7.928,6,6.03910721878657,0.6,0,0.75,6260,distributed,0.028231366,True,20,18.94,19,5.73274803213956,100,0,0
True,27,27.445,27,5.09989950881387,100,0,0,15,13.846,14,3.97571176017578,6,7.536,6,5.82672326440856,0.6,0,0.8,6260,distributed,0.028231366,True,15,14.6022044088176,14,5.00691657384618,99.8000000000001,0.2,0
True,27,27.356,27,4.60947545822732,100,0,0,16,14.622,14,3.03465253365192,8,8.283,7,5.82674102736684,0.6,0,0.85,6260,distributed,0.028231366,True,14,14.442,14,4.28119562739196,100,0,0
True,26,26.864,26,4.5670016422156,100,0,0,16,14.191,14,3.75426677262019,9,8.074,7,6.24199679589793,0.6,0,0.9,6260,distributed,0.028231366,True,14,14.155,14,4.27352021172242,100,0,0
True,25,25.578,25,4.01521057978283,100,0,0,14,13.43,13,2.64935841289924,9,9.109,8,6.15492640085972,0.6,0,0.95,6260,distributed,0.028231366,True,13,12.696,12,3.83374281870863,100,0,0
True,27,26.865,27,4.67897157503655,100,0,0,14,13.413,13,3.50177540684722,6,7.461,6,5.62605359021757,0.6,0,1,6260,distributed,0.028231366,True,14,13.767,13,4.62781924884713,100,0,0
True,23,23.158,23,4.08105819610552,100,0,0,12,10.862,11,2.70757382170828,7,8.633,7,5.85169300288387,0.6,0,1.05,6260,distributed,0.028231366,True,10,10.187,9,3.92377764405681,100,0,0
True,24,24.918,24,4.41557199012767,100,0,0,13,12.004,12,2.95566980564474,7,8.169,7,6.17692795813582,0.6,0,1.1,6260,distributed,0.028231366,True,10,11.948,11,4.30294039001239,100,0,0
True,26,26.588,26,4.97275135111339,100,0,0,14,12.804,12,3.25877032022817,7,7.436,6,5.89049267888519,0.6,0,1.15,6260,distributed,0.028231366,True,13,13.591,13,4.76505183602445,100,0,0
False,,51.1792452830189,52,3.63239400710538,21.2,77.0000000000001,1.8,,45.147347740668,46,6.53056120897919,,7.49901768172888,6,6.48335476550562,0.7,0,0.05,6260,distributed,0.028231366,False,,46.0954128440367,47,7.23967642493894,54.5,44.5,1
True,44,40.4763779527559,40,8.27624076250739,76.2000000000001,23.8,0,31,28.5375,27,9.15825276731321,6,7.15454545454545,6,6.08976244295048,0.7,0,0.1,6260,distributed,0.028231366,True,31,30.4994350282486,29,11.039694671406,88.5000000000001,11.5,0
True,43,39.7660972404731,39,7.81086925130474,76.1000000000001,23.7,0.2,30,28.4517543859649,25,10.2147917554075,6,7.12938596491228,5,6.43478864346909,0.7,0,0.1428,6260,distributed,0.028231366,True,29,30.8779956427015,28,11.6328330843612,91.8000000000001,8.10000000000001,0.1
True,40,38.9484536082474,38,8.32891156999883,87.3,12.7,0,27,25.8504184100418,24,8.412458995569,6,7.08891213389121,6,6.23321532545883,0.7,0,0.15,6260,distributed,0.028231366,True,27,27.8359621451104,26,10.2759205274401,95.1000000000001,4.9,0
True,49,41.3042836041359,40,9.1528395621006,67.7000000000001,32.1,0.2,36,32.8060344827586,30,12.4159712828019,6,7.19827586206897,6,6.35799093672572,0.7,0,0.167,6260,distributed,0.028231366,True,35,34.5021459227468,33,12.8579644039754,93.2000000000001,6.8,0
True,38,37.2248062015504,37,8.12944583817085,90.3000000000001,9.70000000000001,0,25,24.0153531218014,23,8.26658995111219,6,7.34493346980553,6,6.73301019038465,0.7,0,0.2,6260,distributed,0.028231366,True,25,26.0534429599178,24,10.3212141946719,97.3000000000001,2.7,0
True,36,36.525993883792,36,7.20647765836636,98.1000000000001,1.8,0.1,24,22.555667001003,22,5.35707525121553,7,7.5667001003009,6,6.2045389315718,0.7,0,0.25,6260,distributed,0.028231366,True,23,23.7002012072435,23,7.70720872676392,99.4000000000001,0.6,0
True,31,32.0231155778894,31,7.63162346590391,99.5000000000001,0.5,0,19,17.861,17,6.03487191247669,6,7.356,6,6.0320198938664,0.7,0,0.3,6260,distributed,0.028231366,True,18,19.136,18,7.76888048562983,100,0,0
True,36,36.6815869786368,36,8.12875387728466,98.3000000000001,1.7,0,24,22.479,22,7.14923485416446,8,7.218,6,5.89546232283779,0.7,0,0.33,6260,distributed,0.028231366,True,23,24.024,23,8.63223169290538,100,0,0
True,34,34.6258776328987,34,7.2709043803778,99.7000000000001,0.3,0,22,20.858,21,5.84703651433784,7,7.755,6,6.29975991606029,0.7,0,0.35,6260,distributed,0.028231366,True,22,21.541,21,7.25508917932785,100,0,0
True,31,31.6603206412826,31,6.93715337088471,99.8000000000001,0.2,0,19,17.836,17,5.07770656891475,7,7.895,6,6.70283335612635,0.7,0,0.4,6260,distributed,0.028231366,True,17,18.709,18,6.73367054436138,100,0,0
True,32,32.9154929577465,32,7.3791334907901,99.4000000000001,0.6,0,20,18.915,18,5.65665758200017,7,7.7,6,6.28251541979803,0.7,0,0.45,6260,distributed,0.028231366,True,20,20.113,19,7.59672501805877,100,0,0
True,27,28.324,27,6.04342816619839,100,0,0,15,14.137,14,3.7040830174282,6,7.288,6,5.98790915094743,0.7,0,0.5,6260,distributed,0.028231366,True,14,15.332,14,5.91606085161402,100,0,0
True,28,28.26,28,5.397814372503,100,0,0,16,14.882,15,3.68294393115073,7,8.153,6,6.39746754583405,0.7,0,0.55,6260,distributed,0.028231366,True,16,15.085,15,5.19035403416761,100,0,0
True,29,29.8647294589178,29,6.23124347682619,99.8000000000001,0.2,0,17,15.412,15,4.04156603311142,6,7.103,6,5.80692612317395,0.7,0,0.6,6260,distributed,0.028231366,True,16,16.851,16,6.23111538971957,100,0,0
True,25,25.899,25,5.5149613779246,100,0,0,13,11.757,11,3.5236275342323,6,7.325,6,5.56788784010598,0.7,0,0.65,6260,distributed,0.028231366,True,11,12.661,12,5.28621594337575,100,0,0
True,27,27.965,27,5.11231601135924,100,0,0,16,14.365,14,3.37398503256905,7,7.57,6,5.74378794873209,0.7,0,0.7,6260,distributed,0.028231366,True,15,14.837,15,5.05038919292365,100,0,0
True,27,27.907,27,5.39206370511328,100,0,0,16,14.51,14,3.72476844917909,7,7.632,6,5.68740503217416,0.7,0,0.75,6260,distributed,0.028231366,True,14,14.8476953907816,15,5.20933047015578,99.8000000000001,0.2,0
True,29,30.188,30,5.75627101516251,100,0,0,18,16.633,16,4.04478812794935,7,7.605,6,5.91903497202036,0.7,0,0.8,6260,distributed,0.028231366,True,16,17.372,17,5.58010895950966,100,0,0
True,35,35.711,36,7.65555216819793,100,0,0,24,21.856,21,6.80891063239928,7,7.41,6,5.79567942522704,0.7,0,0.85,6260,distributed,0.028231366,True,23,22.774,23,7.67873192656183,100,0,0
True,26,27.17,27,5.47842130544923,100,0,0,15,13.596,13,3.67107395730459,7,7.792,6,6.30481847478577,0.7,0,0.9,6260,distributed,0.028231366,True,14,14.138,13,5.27304048912959,100,0,0
True,28,28.23,28,5.46068676999514,100,0,0,17,15.113,15,4.19764588787573,8,8.32,7,6.46974497178985,0.7,0,0.95,6260,distributed,0.028231366,True,15,15.342,14,5.13663664278485,100,0,0
True,27,27.178,27,4.55634897697707,100,0,0,15,14.442,14,2.79904197896352,7,8.489,7,6.29379686675698,0.7,0,1,6260,distributed,0.028231366,True,15,14.217,14,3.90716150165309,100,0,0
True,30,31.016,31,4.81785678492003,100,0,0,19,18.129,18,3.27389049908515,6,8.037,7,6.1302227528859,0.7,0,1.05,6260,distributed,0.028231366,True,18,17.926,17,4.54362454434783,100,0,0
True,22,22.754,22,3.98264786291733,100,0,0,11,10.269,10,2.74091937130591,6,8.175,7,6.06699060490455,0.7,0,1.1,6260,distributed,0.028231366,True,10,9.97795591182365,9,3.71606422127678,99.8000000000001,0.2,0
True,24,24.398,24,3.90558523143459,100,0,0,13,12.232,12,2.98331627555645,7,8.405,7,6.04755942509042,0.7,0,1.15,6260,distributed,0.028231366,True,12,11.9178356713427,12,3.66498660005836,99.8000000000001,0.2,0
False,,45.1632183908046,46,7.42896033849462,43.5,55.9,0.6,49,38.3620689655172,38,10.2752883045864,6,7.60344827586207,6,6.89458305234736,0.8,0,0.05,6260,distributed,0.028231366,True,49,39.7649513212795,41,10.7960790269001,71.9000000000001,27.9,0.2
True,46,37.5948963317384,36,8.73799962402404,62.7000000000001,37,0.3,34,28.859649122807,24,12.873603810311,8,7.67042606516291,6,6.8772191273972,0.8,0,0.1,6260,distributed,0.028231366,True,33,31.6245572609209,28,14.1292987402542,84.7000000000001,15.2,0.1
True,55,49.9945652173913,51,4.59145861380329,55.2,43.8,1,43,41.4754797441365,41,6.39195390027461,5,7.0138592750533,5,6.05947950974535,0.8,0,0.1428,6260,distributed,0.028231366,True,43,42.2731182795699,43,7.52991367505311,93.0000000000001,7,0
True,45,41.0769230769231,41,9.59562661077178,79.3000000000001,20.6,0.1,34,30.6839378238342,30,11.3746651051889,8,7.26839378238342,6,6.10406184398508,0.8,0,0.15,6260,distributed,0.028231366,True,33,32.224173553719,32,12.2544626016741,96.8000000000001,3.2,0
True,42,40.9989440337909,41,7.40294462832502,94.7000000000001,5.3,0,30,27.6646586345382,28,6.49945904328639,7,7.34437751004016,6,6.11411548358737,0.8,0,0.167,6260,distributed,0.028231366,True,28,28.718026183283,28,8.34050330006578,99.3000000000001,0.7,0
True,40,38.260391198044,37,9.36789089379591,81.8000000000001,18.2,0,29,27.0082644628099,24,11.3884245043109,7,6.72210743801653,5,5.89738761509467,0.8,0,0.2,6260,distributed,0.028231366,True,27,28.8544698544699,27,12.2463294080514,96.2000000000001,3.8,0
True,34,35.1147368421053,34,8.27745789124138,95.0000000000001,5,0,22,20.6909090909091,19,7.64234734299139,6,7.02424242424242,5,6.18742763914984,0.8,0,0.25,6260,distributed,0.028231366,True,21,23.3242424242424,21,9.97729332042697,99.0000000000001,1,0
True,33,34.1919191919192,33,7.88205578433758,99.0000000000001,1,0,21,20.19,19,6.36756625407227,8,7.378,6,6.29659558809362,0.8,0,0.3,6260,distributed,0.028231366,True,21,21.462,20,8.2393298271158,100,0,0
True,33,33.7865731462926,33,7.10665527365141,99.8000000000001,0.2,0,21,19.818,19,5.50843680185223,7,7.699,6,6.37811876653297,0.8,0,0.33,6260,distributed,0.028231366,True,21,20.821,20,7.03640241885013,100,0,0
True,36,36.5315682281059,36,7.63797201366943,98.2000000000001,1.8,0,24,23.033,23,6.11472902097877,6,7.776,6,6.553306341077,0.8,0,0.35,6260,distributed,0.028231366,True,24,23.965,23,8.15473941950324,100,0,0
True,32,32.37,32,5.33601911540804,100,0,0,21,19.508,19,3.66141174958512,7,8.436,7,6.23248778578827,0.8,0,0.4,6260,distributed,0.028231366,True,19,19.405,19,4.95812212435313,100,0,0
True,32,32.616,32,6.43960744145169,100,0,0,20,18.873,18,5.00368574153094,6,7.57,6,5.7973355949091,0.8,0,0.45,6260,distributed,0.028231366,True,19,19.502,19,6.25203934728501,100,0,0
True,27,28.199,27,6.44293403660165,100,0,0,15,14.065,13,4.29776395349954,6,7.423,6,6.43755163086091,0.8,0,0.5,6260,distributed,0.028231366,True,15,15.31,15,6.33923496961581,100,0,0
True,35,35.087,35,6.033359843404,100,0,0,23,21.569,21,4.51234296125638,8,7.714,6,6.10263910124136,0.8,0,0.55,6260,distributed,0.028231366,True,22,22.135,21,5.84745884979108,100,0,0
True,31,31.6416416416416,31,6.68912940223671,99.9000000000001,0.1,0,19,17.452,17,5.09290643935268,7,7.62,6,6.21173083769733,0.8,0,0.6,6260,distributed,0.028231366,True,19,18.496,18,6.47888755883292,100,0,0
True,32,33.1151151151151,33,6.17510272428056,99.9000000000001,0.1,0,20,18.907,18,4.76889410660375,7,7.077,6,5.92714695279272,0.8,0,0.65,6260,distributed,0.028231366,True,20,20.252,20,6.22113301577775,100,0,0
True,27,27.964,28,5.01863567117598,100,0,0,15,14.553,14,3.59404938752934,7,8.037,6,6.1687625177178,0.8,0,0.7,6260,distributed,0.028231366,True,14,15.021,15,5.01483389555427,100,0,0
True,22,22.65,22,4.50305451887938,100,0,0,10,9.315,9,2.71436456652381,6,7.564,6,6.11554609172394,0.8,0,0.75,6260,distributed,0.028231366,True,10,9.86258776328987,9,4.27211040417815,99.7000000000001,0.3,0
True,31,30.85,31,5.0968127295399,100,0,0,19,17.975,18,3.80977361532152,8,8.353,7,6.22417793768783,0.8,0,0.8,6260,distributed,0.028231366,True,18,17.749,17,4.71720245484546,100,0,0
True,37,38.3112449799197,38,6.68447776780941,99.6000000000001,0.4,0,27,24.965,25,5.88827436521092,8.5,7.871,7,6.15600186809588,0.8,0,0.85,6260,distributed,0.028231366,True,25,25.629,25,6.71754114241216,100,0,0
True,24,25.088,24,5.09649448150393,100,0,0,13,11.15,11,3.31413638826165,9,7.625,6,6.00586172001987,0.8,0,0.9,6260,distributed,0.028231366,True,12,11.9008016032064,11,4.84976492196416,99.8000000000001,0.2,0
True,26,26.245,26,4.56913284989614,100,0,0,15,13.747,14,3.25622342599521,7,8.7,7,6.02660766932775,0.8,0,0.95,6260,distributed,0.028231366,True,13,13.253,12,4.31589979031024,100,0,0
True,29,28.846,29,4.84172324694421,100,0,0,18,16.191,16,3.70682060531664,8,8.397,7,6.76767249503107,0.8,0,1,6260,distributed,0.028231366,True,16,16.18,15,4.53977973033935,100,0,0
True,25,25.187,25,4.08191511425703,100,0,0,14,13.09,13,2.74041967588908,7,8.902,7,6.33943183574049,0.8,0,1.05,6260,distributed,0.028231366,True,13,12.26,12,3.85284310607115,100,0,0
True,26,26.748,26,4.05123388611421,100,0,0,16,14.648,14,3.18183846227303,8,8.598,7,6.04618855147604,0.8,0,1.1,6260,distributed,0.028231366,True,14,13.922,14,3.79366788214256,100,0,0
True,20,20.242,20,3.22822489922868,100,0,0,9,8.751,9,2.06809066532394,9,9.438,8,6.01765369558601,0.8,0,1.15,6260,distributed,0.028231366,True,7,7.45845845845846,7,2.83196858600129,99.9000000000001,0.1,0
False,,48.8588235294118,49,5.30405603105989,34,64.9,1.1,53,41.4590163934426,41,8.02919625337064,6,7.20163934426229,5,6.32250707181938,0.9,0,0.05,6260,distributed,0.028231366,True,52,42.9873217115689,44,8.82708504469061,63.1000000000001,36.4,0.5
False,,51.1325757575758,52,3.7559850463631,26.4,71.9000000000001,1.7,54,45.1257763975155,45,6.09485223578791,7,7.31521739130435,6,6.19770179674988,0.9,0,0.1,6260,distributed,0.028231366,True,52,45.928035982009,47,6.894204345965,66.7,32.9,0.4
True,36,35.5752979414951,35,8.73552148627228,92.3000000000001,7.7,0,23,22.1415289256198,21,8.07669912382321,6,7.28822314049587,6,6.04465012965,0.9,0,0.1428,6260,distributed,0.028231366,True,22,23.8917525773196,22,10.2539725276878,97.0000000000001,3,0
True,44,39.3978349120433,39,9.61301529029226,73.9000000000001,26,0.1,33,30.1636747624076,29,12.2948478839628,7.5,7.27243928194298,6,6.44706416860796,0.9,0,0.15,6260,distributed,0.028231366,True,32,31.6875,30,13.0296602848973,94.4000000000001,5.6,0
True,46,42.3127229488704,44,9.58997407152725,84.1000000000001,15.9,0,35,31.6492462311558,33,11.1796920577988,8,7.50653266331658,6,6.2206260521019,0.9,0,0.167,6260,distributed,0.028231366,True,34,32.7527638190955,34,11.5291712123516,99.5000000000001,0.5,0
True,37,36.8205980066445,36,8.77117351975811,90.3000000000001,9.70000000000001,0,25,24.2313965341488,22,9.43805778467901,6,7.45361875637105,6,6.34781377388029,0.9,0,0.2,6260,distributed,0.028231366,True,24,25.9458077709611,24,10.9961941646279,97.8000000000001,2.2,0
True,44,41.0200471698113,42,9.21907497496367,84.8000000000001,15.2,0,32,29.8360488798371,30,10.8658082099141,7,7.36558044806517,6,6.25882323185449,0.9,0,0.25,6260,distributed,0.028231366,True,32,31.2525354969574,31,11.6137167389319,98.6000000000001,1.4,0
True,35,35.2610441767068,35,6.32059555951527,99.6000000000001,0.4,0,22,21.545,21,4.58671723567085,6,7.524,6,6.02573016322504,0.9,0,0.3,6260,distributed,0.028231366,True,22,22.355,21.5,6.46459395476622,100,0,0
True,33,33.4148296593186,33,7.36741597558851,99.8000000000001,0.2,0,21,19.597,19,6.23029622088709,6,7.541,6,6.38970414025564,0.9,0,0.33,6260,distributed,0.028231366,True,19,20.464,20,7.28510150924474,100,0,0
True,32,32.5311871227364,32,6.65154050924082,99.4000000000001,0.6,0,20,19.004,19,4.57121253060936,8,8.006,6,6.54690491759274,0.9,0,0.35,6260,distributed,0.028231366,True,19,19.598,19,6.68029909510046,100,0,0
True,30,30.357,30,6.33952293157774,100,0,0,18,17.039,16,5.02428890490983,7,7.894,6,6.16252902630081,0.9,0,0.4,6260,distributed,0.028231366,True,18,17.461,17,6.08197985856579,100,0,0
True,33,34.6333333333333,33,7.80493886632501,99.0000000000001,1,0,21,20.18,19,6.13380795265062,6,7.285,6,6.19191206332907,0.9,0,0.45,6260,distributed,0.028231366,True,21,22.032,20,8.21163662128324,100,0,0
True,26,26.6046046046046,26,5.23337434413445,99.9000000000001,0.1,0,14,13.017,13,3.4494508258562,7,7.809,6,6.0834627474819,0.9,0,0.5,6260,distributed,0.028231366,True,13,13.5561122244489,13,5.08212689165832,99.8000000000001,0.2,0
True,30,30.6503006012024,30,6.10257632360222,99.8000000000001,0.2,0,18,16.73,16,4.47851537900675,6,7.152,6,6.03729210822203,0.9,0,0.55,6260,distributed,0.028231366,True,17,17.869,17,6.17493635594732,100,0,0
True,28,28.8078078078078,28,6.48113448427838,99.9000000000001,0.1,0,15,14.43,14,4.23923342126852,6,7.095,6,5.95516372570897,0.9,0,0.6,6260,distributed,0.028231366,True,15,16.017,15,6.49435993766899,100,0,0
True,23,23.68,23,3.82460455472196,100,0,0,12,11.541,11,2.57377524271254,7,8.8,7,5.97427819907979,0.9,0,0.65,6260,distributed,0.028231366,True,11,10.749,10,3.29575469354137,100,0,0
True,29,29.884,30,5.12587007248526,100,0,0,18,16.835,17,3.7274354454504,7,8.019,7,5.79194604601942,0.9,0,0.7,6260,distributed,0.028231366,True,16,16.984,16,5.01395492600402,100,0,0
True,30,30.368,30,4.36858970378313,100,0,0,18,17.37,17,2.94840634919951,6,7.892,7,5.56294310594671,0.9,0,0.75,6260,distributed,0.028231366,True,17,17.355,17,4.19558994659869,100,0,0
True,31,31.302,31,4.91434593816919,100,0,0,19,18.414,18,3.58923445876694,8,7.917,7,6.09295585081658,0.9,0,0.8,6260,distributed,0.028231366,True,19,18.455,18,4.73771833269982,100,0,0
True,24,24.491,24,4.09755036576733,100,0,0,13,11.96,12,2.84260443959408,8,7.92,7,5.7934100493578,0.9,0,0.85,6260,distributed,0.028231366,True,13,11.525,12,3.70504723316721,100,0,0
True,26,26.364,26,4.83916356408832,100,0,0,14,12.842,12,3.26297961991797,9,7.447,6,5.76204746596208,0.9,0,0.9,6260,distributed,0.028231366,True,13,13.387,13,4.67816534551741,100,0,0
True,25,24.817,25,3.46316488201183,100,0,0,14,13.176,13,2.39144809686516,9,9.036,8,6.17694940889109,0.9,0,0.95,6260,distributed,0.028231366,True,11,12.199,13,3.16218263229688,100,0,0
True,25,26.147,25,5.31708482159162,100,0,0,13,12.243,12,3.32925682397739,7,7.278,6,5.87168766199293,0.9,0,1,6260,distributed,0.028231366,True,13,13.402,13,5.19214753257263,100,0,0
True,23,23.654,23,3.89182270921994,100,0,0,12,10.994,11,2.79570456235991,6,8.104,7,6.27448675191844,0.9,0,1.05,6260,distributed,0.028231366,True,11,10.961,11,3.57288105035698,100,0,0
True,24,24.623,24,4.10327564270303,100,0,0,13,12.056,12,3.05333653566062,7,8.34,7,5.91307026848151,0.9,0,1.1,6260,distributed,0.028231366,True,12,11.692,11,3.8988634241276,100,0,0
True,24,24.388,24,4.30226173076441,100,0,0,13,11.796,12,2.79649494903889,7,8.394,7,6.26360630946741,0.9,0,1.15,6260,distributed,0.028231366,True,10,11.297,11,4.04583625471917,100,0,0
False,,,,,0,94.4000000000001,5.6,,,,,,,,,1,0,0.05,6260,distributed,0.028231366,False,,55,55,0.707106781186548,0.8,93.9000000000001,5.3
False,,54.0540540540541,55,1.70762908096555,7.40000000000001,89.3,3.3,,50.4267631103074,50,3.57843751095819,,7.20253164556962,6,6.09587600430393,1,0,0.1,6260,distributed,0.028231366,True,56,50.7914201183432,52,4.27798655785418,67.6000000000001,31.4,1
True,50,42.3537313432836,43,9.0153406299536,67,32.9,0.1,37,32.2488262910798,32,10.5810780281326,6,7.24530516431925,6,6.19742972816258,1,0,0.1428,6260,distributed,0.028231366,True,37,33.604513064133,34,11.6130865882982,84.2000000000001,15.8,0
True,44,41.701690821256,42,8.21637619153564,82.8000000000001,17,0.2,33,30.6741803278689,30,9.52049070062025,7,7.38114754098361,6,6.53601412562449,1,0,0.15,6260,distributed,0.028231366,True,32,32.0680412371134,31,10.4966125747639,97.0000000000001,2.9,0.1
True,55,52.1692307692308,53,3.05434989063759,52,46.4,1.6,45,43.076169749728,42,5.02319626054435,6,6.95538628944505,5,5.98994177226384,1,0,0.167,6260,distributed,0.028231366,True,45,44.3741935483871,44,6.05208403145804,93.0000000000001,6.8,0.2
True,38,37.8983402489627,37,6.83808268731722,96.4000000000001,3.6,0,26,24.1801801801802,23,6.20548754274882,7,7.14814814814815,6,6.02049170703428,1,0,0.2,6260,distributed,0.028231366,True,25,25.7344689378757,24,7.89958487205744,99.8000000000001,0.2,0
True,43,40.5980629539951,40,8.21610042387589,82.6000000000001,17.2,0.2,31,28.8683651804671,27,9.16930152919566,7,7.17515923566879,6,6.12295277334925,1,0,0.25,6260,distributed,0.028231366,True,30,30.7939011566772,29,10.8646004157643,95.1000000000001,4.9,0
True,27,27.572,27,5.26923296125726,100,0,0,15,14.231,14,3.63010178920647,6,7.815,6,6.03943499012946,1,0,0.3,6260,distributed,0.028231366,True,14,14.5,14,4.98537862152916,100,0,0
True,35,35.8138572905895,35,8.15240648214755,96.7000000000001,3.3,0,23,22.2382382382382,21,7.71588194138769,6,7.39539539539539,6,6.60124194481863,1,0,0.33,6260,distributed,0.028231366,True,22,23.923,22,9.31434758853244,100,0,0
True,33,33.7979695431472,33,7.81335547610799,98.5000000000001,1.5,0,20,19.5925925925926,18,6.72743960424871,6,7.04904904904905,6,5.78637007762828,1,0,0.35,6260,distributed,0.028231366,True,20,21.2442442442442,19,8.45789219278356,99.9000000000001,0.1,0
True,38,38.249227600412,38,8.09124629792323,97.1000000000001,2.9,0,26,24.7777777777778,24,7.45669289535262,6,7.55355355355355,6,6.28493319536135,1,0,0.4,6260,distributed,0.028231366,True,25,25.8867735470942,25,8.68464458189564,99.8000000000001,0.2,0
True,26,26.873,26,5.19950680353435,100,0,0,14,13.617,13,3.14933500917257,6,7.78,6,5.94437549285036,1,0,0.45,6260,distributed,0.028231366,True,14,14.088,13,4.91754572932474,100,0,0
True,26,27.0841683366733,26,6.73212990113314,99.8000000000001,0.2,0,13,12.382,12,4.3838426066637,6,6.767,6,5.48294729137533,1,0,0.5,6260,distributed,0.028231366,True,13,14.2116349047141,13,6.79653763371652,99.7000000000001,0.3,0
True,27,27.402,27,5.12214759646772,100,0,0,16,14.513,14,3.70483886289269,7,8.184,6,6.366800138217,1,0,0.55,6260,distributed,0.028231366,True,15,14.546,14,4.94508685464674,100,0,0
True,37,37.0384226491405,37,8.04829582344054,98.9000000000001,1.1,0,25,24.167,23,7.66257861297357,6,8.262,7,6.59585900395089,1,0,0.6,6260,distributed,0.028231366,True,24,24.57,25,8.24276045994302,100,0,0
True,31,31.1374122367101,31,6.07295784395826,99.7000000000001,0.3,0,18,17.832,17,4.40678749203998,6,7.97,6,6.52112720317584,1,0,0.65,6260,distributed,0.028231366,True,18,18.36,17,5.99286242124746,100,0,0
True,34,34.6386386386386,34,6.32301582139616,99.9000000000001,0.1,0,22,20.997,21,4.92371719334082,6,7.899,6,6.31797427978304,1,0,0.7,6260,distributed,0.028231366,True,22,21.762,21,6.33635194729586,100,0,0
True,28,28.45,28,5.36241550049975,100,0,0,17,15.294,15,4.10896142595669,8,8.119,6,6.42890651666362,1,0,0.75,6260,distributed,0.028231366,True,15,15.557,14,5.03435705924798,100,0,0
True,25,25.542,25,4.26968804481077,100,0,0,14,13.152,13,3.41743997752704,8,8.253,7,5.94449249305607,1,0,0.8,6260,distributed,0.028231366,True,13,12.6553106212425,12,3.88659724308647,99.8000000000001,0.2,0
True,23,23.721,23,3.78485917835789,100,0,0,13,11.82,12,2.74474042488538,9,9.031,8,6.09475504019645,1,0,0.85,6260,distributed,0.028231366,True,10,10.7655310621242,11,3.54093359015908,99.8000000000001,0.2,0
True,27,27.224,27,5.13340277009315,100,0,0,15,14.128,14,3.86207405418384,7,8.005,7,6.24907793198325,1,0,0.9,6260,distributed,0.028231366,True,15,14.236,14,4.97999036143646,100,0,0
True,21,21.969,21,4.16941710554365,100,0,0,10,9.126,9,2.36392131848757,7,7.925,7,5.50303325448793,1,0,0.95,6260,distributed,0.028231366,True,9,9.26038500506586,9,3.79169906734742,98.7000000000001,1.3,0
True,24,24.378,24,4.25124875771814,100,0,0,13,11.721,12,2.91704628005796,9,8.282,7,6.07457619920929,1,0,1,6260,distributed,0.028231366,True,12,11.3733733733734,11,3.85650156697334,99.9000000000001,0.1,0
True,23,23.375,23,3.80320588451375,100,0,0,12,11.121,11,3.12767629399208,9,8.386,7,6.12445948635469,1,0,1.05,6260,distributed,0.028231366,True,11,10.789,10,3.54040661506556,100,0,0
True,25,25.752,25,4.27018688115637,100,0,0,14,13.397,14,3.04620928368358,6,9.088,7,6.84749998174516,1,0,1.1,6260,distributed,0.028231366,True,12,12.711,12,4.05998509849482,100,0,0
True,26,26.648,27,4.1627029680245,100,0,0,16,14.898,15,3.03835415973846,8,8.981,7,6.32776729976696,1,0,1.15,6260,distributed,0.028231366,True,15,13.957,14,3.7919851001817,100,0,0
