location,date,new_diagnoses,cum_infections,new_deaths,cum_deaths,new_tests,cum_tests,imported_cases
Merida,2019-12-31,0,0,0,0,0,0,1
Merida,2020-01-01,0,0,0,0,0,0,1
Merida,2020-01-02,0,0,0,0,0,0,1
Merida,2020-01-03,0,0,0,0,0,0,1
Merida,2020-01-04,0,0,0,0,0,0,1
Merida,2020-01-05,0,0,0,0,0,0,1
Merida,2020-01-06,0,0,0,0,0,0,1
Merida,2020-01-07,0,0,0,0,0,0,1
Merida,2020-01-08,0,0,0,0,0,0,1
Merida,2020-01-09,0,0,0,0,1,1,1
Merida,2020-01-10,0,0,0,0,0,1,1
Merida,2020-01-11,0,0,0,0,0,1,1
Merida,2020-01-12,0,0,0,0,0,1,1
Merida,2020-01-13,0,0,0,0,0,1,1
Merida,2020-01-14,0,0,0,0,0,1,1
Merida,2020-01-15,0,0,0,0,0,1,1
Merida,2020-01-16,0,0,0,0,0,1,1
Merida,2020-01-17,0,0,0,0,0,1,1
Merida,2020-01-18,0,0,0,0,0,1,1
Merida,2020-01-19,0,0,0,0,0,1,1
Merida,2020-01-20,0,0,0,0,1,2,1
Merida,2020-01-21,0,0,0,0,1,3,1
Merida,2020-01-22,0,0,0,0,0,3,1
Merida,2020-01-23,0,0,0,0,2,5,1
Merida,2020-01-24,0,0,0,0,0,5,1
Merida,2020-01-25,0,0,0,0,0,5,1
Merida,2020-01-26,0,0,0,0,0,5,1
Merida,2020-01-27,0,0,0,0,0,5,1
Merida,2020-01-28,0,0,0,0,1,6,1
Merida,2020-01-29,0,0,0,0,0,6,1
Merida,2020-01-30,0,0,0,0,0,6,1
Merida,2020-01-31,0,0,0,0,0,6,1
Merida,2020-02-01,0,0,0,0,0,6,1
Merida,2020-02-02,0,0,0,0,0,6,1
Merida,2020-02-03,0,0,0,0,0,6,1
Merida,2020-02-04,0,0,0,0,1,7,1
Merida,2020-02-05,0,0,0,0,0,7,1
Merida,2020-02-06,0,0,0,0,2,9,1
Merida,2020-02-07,0,0,0,0,0,9,1
Merida,2020-02-08,0,0,0,0,0,9,1
Merida,2020-02-09,0,0,0,0,0,9,1
Merida,2020-02-10,0,0,0,0,0,9,1
Merida,2020-02-11,0,0,0,0,1,10,1
Merida,2020-02-12,0,0,0,0,0,10,1
Merida,2020-02-13,0,0,0,0,0,10,1
Merida,2020-02-14,0,0,0,0,0,10,1
Merida,2020-02-15,0,0,0,0,0,10,1
Merida,2020-02-16,0,0,0,0,0,10,1
Merida,2020-02-17,0,0,0,0,0,10,1
Merida,2020-02-18,0,0,0,0,0,10,1
Merida,2020-02-19,0,0,0,0,1,11,1
Merida,2020-02-20,0,0,0,0,0,11,1
Merida,2020-02-21,0,0,0,0,1,12,1
Merida,2020-02-22,0,0,0,0,0,12,1
Merida,2020-02-23,0,0,0,0,0,12,1
Merida,2020-02-24,0,0,0,0,0,12,1
Merida,2020-02-25,0,0,0,0,0,12,1
Merida,2020-02-26,0,0,0,0,0,12,1
Merida,2020-02-27,0,0,0,0,0,12,1
Merida,2020-02-28,0,0,0,0,0,12,1
Merida,2020-02-29,0,0,0,0,0,12,1
Merida,2020-03-01,0,0,0,0,1,13,1
Merida,2020-03-02,0,0,0,0,3,16,1
Merida,2020-03-03,0,0,0,0,4,20,1
Merida,2020-03-04,0,0,0,0,0,20,1
Merida,2020-03-05,0,0,0,0,6,26,1
Merida,2020-03-06,0,0,0,0,0,26,1
Merida,2020-03-07,0,0,0,0,1,27,1
Merida,2020-03-08,0,0,0,0,0,27,1
Merida,2020-03-09,0,0,0,0,1,28,1
Merida,2020-03-10,0,0,0,0,1,29,1
Merida,2020-03-11,0,0,0,0,0,29,1
Merida,2020-03-12,1,1,0,0,5,34,1
Merida,2020-03-13,0,1,0,0,1,35,1
Merida,2020-03-14,0,1,0,0,1,36,1
Merida,2020-03-15,4,5,0,0,10,46,1
Merida,2020-03-16,2,7,0,0,5,51,1
Merida,2020-03-17,6,13,0,0,11,62,1
Merida,2020-03-18,0,13,0,0,10,72,1
Merida,2020-03-19,2,15,0,0,13,85,1
Merida,2020-03-20,6,21,0,0,25,110,1
Merida,2020-03-21,0,21,0,0,9,119,1
Merida,2020-03-22,7,28,0,0,17,136,1
Merida,2020-03-23,5,33,0,0,29,165,1
Merida,2020-03-24,8,41,0,0,30,195,1
Merida,2020-03-25,3,44,0,0,17,212,1
Merida,2020-03-26,0,44,0,0,8,220,1
Merida,2020-03-27,2,46,0,0,15,235,1
Merida,2020-03-28,2,48,0,0,12,247,1
Merida,2020-03-29,2,50,0,0,14,261,1
Merida,2020-03-30,10,60,0,0,28,289,1
Merida,2020-03-31,3,63,0,0,21,310,1
Merida,2020-04-01,7,70,0,0,31,341,1
Merida,2020-04-02,2,72,0,0,35,376,1
Merida,2020-04-03,7,79,2,2,34,410,1
Merida,2020-04-04,1,80,0,2,18,428,1
Merida,2020-04-05,4,84,0,2,16,444,1
Merida,2020-04-06,9,93,1,3,27,471,1
Merida,2020-04-07,10,103,0,3,31,502,1
Merida,2020-04-08,8,111,0,3,34,536,1
Merida,2020-04-09,8,119,0,3,23,559,1
Merida,2020-04-10,3,122,0,3,23,582,1
Merida,2020-04-11,5,127,0,3,16,598,1
Merida,2020-04-12,5,132,0,3,17,615,1
Merida,2020-04-13,16,148,1,4,56,671,1
Merida,2020-04-14,13,161,0,4,45,716,1
Merida,2020-04-15,22,183,3,7,43,759,1
Merida,2020-04-16,9,192,1,8,29,788,1
Merida,2020-04-17,10,202,0,8,40,828,1
Merida,2020-04-18,4,206,0,8,15,843,0
Merida,2020-04-19,5,211,1,9,37,880,0
Merida,2020-04-20,16,227,1,10,50,930,0
Merida,2020-04-21,12,239,1,11,38,968,0
Merida,2020-04-22,11,250,1,12,35,1003,0
Merida,2020-04-23,16,266,2,14,54,1057,0
Merida,2020-04-24,19,285,0,14,45,1102,0
Merida,2020-04-25,16,301,1,15,30,1132,0
Merida,2020-04-26,14,315,1,16,18,1150,0
Merida,2020-04-27,19,334,0,16,91,1241,0
Merida,2020-04-28,19,353,0,16,59,1300,0
Merida,2020-04-29,18,371,2,18,75,1375,0
Merida,2020-04-30,25,396,0,18,55,1430,0
Merida,2020-05-01,11,407,2,20,26,1456,0
Merida,2020-05-02,17,424,2,22,26,1482,0
Merida,2020-05-03,10,434,2,24,39,1521,0
Merida,2020-05-04,31,465,2,26,85,1606,0
Merida,2020-05-05,20,485,2,28,55,1661,0
Merida,2020-05-06,20,505,2,30,58,1719,0
Merida,2020-05-07,16,521,1,31,67,1786,0
Merida,2020-05-08,15,536,0,31,52,1838,0
Merida,2020-05-09,8,544,1,32,19,1857,0
Merida,2020-05-10,10,554,3,35,30,1887,0
Merida,2020-05-11,23,577,3,38,71,1958,0
Merida,2020-05-12,26,603,3,41,64,2022,0
Merida,2020-05-13,36,639,2,43,69,2091,0
Merida,2020-05-14,35,674,4,47,68,2159,0
Merida,2020-05-15,22,696,0,47,47,2206,0
Merida,2020-05-16,14,710,2,49,27,2233,0
Merida,2020-05-17,24,734,1,50,39,2272,0
Merida,2020-05-18,33,767,2,52,78,2350,0
Merida,2020-05-19,28,795,2,54,67,2417,0
Merida,2020-05-20,36,831,7,61,71,2488,0
Merida,2020-05-21,36,867,1,62,76,2564,0
Merida,2020-05-22,27,894,3,65,66,2630,0
Merida,2020-05-23,21,915,5,70,35,2665,0
Merida,2020-05-24,18,933,1,71,35,2700,0
Merida,2020-05-25,38,971,6,77,79,2779,0
Merida,2020-05-26,27,998,6,83,68,2847,0
Merida,2020-05-27,44,1042,3,86,80,2927,0
Merida,2020-05-28,27,1069,3,89,45,2972,0
Merida,2020-05-29,28,1097,4,93,73,3045,0
Merida,2020-05-30,15,1112,3,96,36,3081,0
Merida,2020-05-31,11,1123,4,100,30,3111,0
Merida,2020-06-01,36,1159,7,107,73,3184,0
Merida,2020-06-02,30,1189,4,111,48,3232,0
Merida,2020-06-03,31,1220,2,113,58,3290,0
Merida,2020-06-04,21,1241,2,115,36,3326,0
Merida,2020-06-05,21,1262,0,115,33,3359,0
Merida,2020-06-06,31,1293,3,118,55,3414,0
Merida,2020-06-07,22,1315,2,120,35,3449,0
Merida,2020-06-08,40,1355,2,122,86,3535,0
Merida,2020-06-09,37,1392,3,125,63,3598,0
Merida,2020-06-10,31,1423,6,131,72,3670,0
Merida,2020-06-11,32,1455,1,132,86,3756,0
Merida,2020-06-12,30,1485,2,134,70,3826,0
Merida,2020-06-13,17,1502,1,135,40,3866,0
Merida,2020-06-14,28,1530,4,139,56,3922,0
Merida,2020-06-15,28,1558,5,144,82,4004,0
Merida,2020-06-16,9,1567,2,146,86,4090,0
Merida,2020-06-17,0,1567,0,146,30,4120,0
Monterrey,2019-12-31,0,0,0,0,0,0,1
Monterrey,2020-01-01,0,0,0,0,0,0,1
Monterrey,2020-01-02,0,0,0,0,0,0,1
Monterrey,2020-01-03,0,0,0,0,0,0,1
Monterrey,2020-01-04,0,0,0,0,0,0,1
Monterrey,2020-01-05,0,0,0,0,0,0,1
Monterrey,2020-01-06,0,0,0,0,0,0,1
Monterrey,2020-01-07,0,0,0,0,0,0,1
Monterrey,2020-01-08,0,0,0,0,0,0,1
Monterrey,2020-01-09,0,0,0,0,0,0,1
Monterrey,2020-01-10,0,0,0,0,0,0,1
Monterrey,2020-01-11,0,0,0,0,0,0,1
Monterrey,2020-01-12,0,0,0,0,0,0,1
Monterrey,2020-01-13,0,0,0,0,0,0,1
Monterrey,2020-01-14,0,0,0,0,0,0,1
Monterrey,2020-01-15,0,0,0,0,0,0,1
Monterrey,2020-01-16,0,0,0,0,0,0,1
Monterrey,2020-01-17,0,0,0,0,0,0,1
Monterrey,2020-01-18,0,0,0,0,0,0,1
Monterrey,2020-01-19,0,0,0,0,0,0,1
Monterrey,2020-01-20,0,0,0,0,0,0,1
Monterrey,2020-01-21,0,0,0,0,2,2,1
Monterrey,2020-01-22,0,0,0,0,1,3,1
Monterrey,2020-01-23,0,0,0,0,0,3,1
Monterrey,2020-01-24,0,0,0,0,0,3,1
Monterrey,2020-01-25,0,0,0,0,0,3,1
Monterrey,2020-01-26,0,0,0,0,0,3,1
Monterrey,2020-01-27,0,0,0,0,0,3,1
Monterrey,2020-01-28,0,0,0,0,0,3,1
Monterrey,2020-01-29,0,0,0,0,0,3,1
Monterrey,2020-01-30,0,0,0,0,0,3,1
Monterrey,2020-01-31,0,0,0,0,0,3,1
Monterrey,2020-02-01,0,0,0,0,0,3,1
Monterrey,2020-02-02,0,0,0,0,0,3,1
Monterrey,2020-02-03,0,0,0,0,0,3,1
Monterrey,2020-02-04,0,0,0,0,0,3,1
Monterrey,2020-02-05,0,0,0,0,0,3,1
Monterrey,2020-02-06,0,0,0,0,1,4,1
Monterrey,2020-02-07,0,0,0,0,0,4,1
Monterrey,2020-02-08,0,0,0,0,0,4,1
Monterrey,2020-02-09,0,0,0,0,0,4,1
Monterrey,2020-02-10,0,0,0,0,1,5,1
Monterrey,2020-02-11,0,0,0,0,0,5,1
Monterrey,2020-02-12,0,0,0,0,0,5,1
Monterrey,2020-02-13,0,0,0,0,0,5,1
Monterrey,2020-02-14,0,0,0,0,0,5,1
Monterrey,2020-02-15,0,0,0,0,0,5,1
Monterrey,2020-02-16,0,0,0,0,0,5,1
Monterrey,2020-02-17,0,0,0,0,0,5,1
Monterrey,2020-02-18,0,0,0,0,0,5,1
Monterrey,2020-02-19,0,0,0,0,0,5,1
Monterrey,2020-02-20,0,0,0,0,0,5,1
Monterrey,2020-02-21,0,0,0,0,0,5,1
Monterrey,2020-02-22,0,0,0,0,0,5,1
Monterrey,2020-02-23,0,0,0,0,0,5,1
Monterrey,2020-02-24,0,0,0,0,0,5,1
Monterrey,2020-02-25,0,0,0,0,1,6,1
Monterrey,2020-02-26,0,0,0,0,0,6,1
Monterrey,2020-02-27,0,0,0,0,1,7,1
Monterrey,2020-02-28,0,0,0,0,2,9,1
Monterrey,2020-02-29,0,0,0,0,0,9,1
Monterrey,2020-03-01,0,0,0,0,1,10,1
Monterrey,2020-03-02,0,0,0,0,2,12,1
Monterrey,2020-03-03,0,0,0,0,3,15,1
Monterrey,2020-03-04,0,0,0,0,0,15,1
Monterrey,2020-03-05,0,0,0,0,0,15,1
Monterrey,2020-03-06,0,0,0,0,1,16,1
Monterrey,2020-03-07,0,0,0,0,1,17,1
Monterrey,2020-03-08,0,0,0,0,0,17,1
Monterrey,2020-03-09,0,0,0,0,4,21,1
Monterrey,2020-03-10,0,0,0,0,1,22,1
Monterrey,2020-03-11,1,1,0,0,4,26,1
Monterrey,2020-03-12,0,1,0,0,6,32,1
Monterrey,2020-03-13,2,3,0,0,20,52,1
Monterrey,2020-03-14,2,5,0,0,9,61,1
Monterrey,2020-03-15,0,5,0,0,2,63,1
Monterrey,2020-03-16,2,7,0,0,11,74,1
Monterrey,2020-03-17,0,7,0,0,15,89,1
Monterrey,2020-03-18,1,8,0,0,10,99,1
Monterrey,2020-03-19,2,10,0,0,26,125,1
Monterrey,2020-03-20,3,13,0,0,19,144,1
Monterrey,2020-03-21,4,17,0,0,22,166,1
Monterrey,2020-03-22,2,19,0,0,13,179,1
Monterrey,2020-03-23,1,20,0,0,22,201,1
Monterrey,2020-03-24,1,21,0,0,30,231,1
Monterrey,2020-03-25,0,21,0,0,36,267,1
Monterrey,2020-03-26,0,21,0,0,21,288,1
Monterrey,2020-03-27,4,25,0,0,28,316,1
Monterrey,2020-03-28,1,26,0,0,23,339,1
Monterrey,2020-03-29,1,27,0,0,17,356,1
Monterrey,2020-03-30,4,31,0,0,33,389,1
Monterrey,2020-03-31,0,31,0,0,26,415,1
Monterrey,2020-04-01,0,31,0,0,31,446,1
Monterrey,2020-04-02,1,32,0,0,21,467,1
Monterrey,2020-04-03,1,33,0,0,29,496,1
Monterrey,2020-04-04,0,33,0,0,19,515,1
Monterrey,2020-04-05,0,33,1,1,13,528,1
Monterrey,2020-04-06,3,36,0,1,29,557,1
Monterrey,2020-04-07,2,38,1,2,32,589,1
Monterrey,2020-04-08,4,42,0,2,32,621,1
Monterrey,2020-04-09,0,42,0,2,80,701,1
Monterrey,2020-04-10,5,47,0,2,148,849,1
Monterrey,2020-04-11,3,50,0,2,109,958,1
Monterrey,2020-04-12,3,53,0,2,77,1035,1
Monterrey,2020-04-13,9,62,1,3,86,1121,1
Monterrey,2020-04-14,6,68,0,3,95,1216,1
Monterrey,2020-04-15,2,70,0,3,86,1302,1
Monterrey,2020-04-16,4,74,0,3,93,1395,1
Monterrey,2020-04-17,3,77,0,3,55,1450,1
Monterrey,2020-04-18,1,78,0,3,16,1466,0
Monterrey,2020-04-19,1,79,0,3,29,1495,0
Monterrey,2020-04-20,2,81,0,3,41,1536,0
Monterrey,2020-04-21,4,85,0,3,20,1556,0
Monterrey,2020-04-22,3,88,1,4,20,1576,0
Monterrey,2020-04-23,2,90,1,5,24,1600,0
Monterrey,2020-04-24,3,93,1,6,23,1623,0
Monterrey,2020-04-25,1,94,0,6,20,1643,0
Monterrey,2020-04-26,2,96,0,6,28,1671,0
Monterrey,2020-04-27,3,99,0,6,36,1707,0
Monterrey,2020-04-28,4,103,2,8,53,1760,0
Monterrey,2020-04-29,6,109,0,8,42,1802,0
Monterrey,2020-04-30,2,111,1,9,33,1835,0
Monterrey,2020-05-01,2,113,0,9,28,1863,0
Monterrey,2020-05-02,6,119,1,10,24,1887,0
Monterrey,2020-05-03,2,121,1,11,19,1906,0
Monterrey,2020-05-04,7,128,1,12,53,1959,0
Monterrey,2020-05-05,2,130,1,13,57,2016,0
Monterrey,2020-05-06,6,136,1,14,35,2051,0
Monterrey,2020-05-07,3,139,0,14,35,2086,0
Monterrey,2020-05-08,5,144,0,14,43,2129,0
Monterrey,2020-05-09,10,154,0,14,59,2188,0
Monterrey,2020-05-10,3,157,0,14,26,2214,0
Monterrey,2020-05-11,6,163,0,14,61,2275,0
Monterrey,2020-05-12,8,171,0,14,77,2352,0
Monterrey,2020-05-13,11,182,1,15,77,2429,0
Monterrey,2020-05-14,9,191,0,15,75,2504,0
Monterrey,2020-05-15,21,212,1,16,63,2567,0
Monterrey,2020-05-16,12,224,1,17,74,2641,0
Monterrey,2020-05-17,3,227,1,18,34,2675,0
Monterrey,2020-05-18,12,239,1,19,94,2769,0
Monterrey,2020-05-19,10,249,0,19,75,2844,0
Monterrey,2020-05-20,14,263,4,23,80,2924,0
Monterrey,2020-05-21,13,276,0,23,77,3001,0
Monterrey,2020-05-22,13,289,0,23,93,3094,0
Monterrey,2020-05-23,6,295,0,23,83,3177,0
Monterrey,2020-05-24,10,305,0,23,67,3244,0
Monterrey,2020-05-25,32,337,3,26,119,3363,0
Monterrey,2020-05-26,41,378,3,29,156,3519,0
Monterrey,2020-05-27,16,394,0,29,111,3630,0
Monterrey,2020-05-28,14,408,2,31,126,3756,0
Monterrey,2020-05-29,24,432,0,31,167,3923,0
Monterrey,2020-05-30,12,444,1,32,75,3998,0
Monterrey,2020-05-31,4,448,2,34,27,4025,0
Monterrey,2020-06-01,29,477,0,34,107,4132,0
Monterrey,2020-06-02,25,502,1,35,116,4248,0
Monterrey,2020-06-03,22,524,0,35,99,4347,0
Monterrey,2020-06-04,45,569,1,36,153,4500,0
Monterrey,2020-06-05,37,606,0,36,142,4642,0
Monterrey,2020-06-06,15,621,3,39,97,4739,0
Monterrey,2020-06-07,6,627,1,40,55,4794,0
Monterrey,2020-06-08,94,721,0,40,226,5020,0
Monterrey,2020-06-09,40,761,2,42,161,5181,0
Monterrey,2020-06-10,53,814,2,44,215,5396,0
Monterrey,2020-06-11,63,877,1,45,183,5579,0
Monterrey,2020-06-12,54,931,0,45,239,5818,0
Monterrey,2020-06-13,14,945,2,47,150,5968,0
Monterrey,2020-06-14,8,953,0,47,81,6049,0
Monterrey,2020-06-15,15,968,3,50,200,6249,0
Monterrey,2020-06-16,2,970,1,51,146,6395,0
Monterrey,2020-06-17,0,970,1,52,45,6440,0
Acapulco de Juarez,2019-12-31,0,0,0,0,0,0,1
Acapulco de Juarez,2020-01-01,0,0,0,0,0,0,1
Acapulco de Juarez,2020-01-02,0,0,0,0,0,0,1
Acapulco de Juarez,2020-01-03,0,0,0,0,0,0,1
Acapulco de Juarez,2020-01-04,0,0,0,0,0,0,1
Acapulco de Juarez,2020-01-05,0,0,0,0,0,0,1
Acapulco de Juarez,2020-01-06,0,0,0,0,0,0,1
Acapulco de Juarez,2020-01-07,0,0,0,0,0,0,1
Acapulco de Juarez,2020-01-08,0,0,0,0,0,0,1
Acapulco de Juarez,2020-01-09,0,0,0,0,0,0,1
Acapulco de Juarez,2020-01-10,0,0,0,0,1,1,1
Acapulco de Juarez,2020-01-11,0,0,0,0,0,1,1
Acapulco de Juarez,2020-01-12,0,0,0,0,0,1,1
Acapulco de Juarez,2020-01-13,0,0,0,0,0,1,1
Acapulco de Juarez,2020-01-14,0,0,0,0,0,1,1
Acapulco de Juarez,2020-01-15,0,0,0,0,0,1,1
Acapulco de Juarez,2020-01-16,0,0,0,0,0,1,1
Acapulco de Juarez,2020-01-17,0,0,0,0,0,1,1
Acapulco de Juarez,2020-01-18,0,0,0,0,0,1,1
Acapulco de Juarez,2020-01-19,0,0,0,0,0,1,1
Acapulco de Juarez,2020-01-20,0,0,0,0,1,2,1
Acapulco de Juarez,2020-01-21,0,0,0,0,0,2,1
Acapulco de Juarez,2020-01-22,0,0,0,0,0,2,1
Acapulco de Juarez,2020-01-23,0,0,0,0,0,2,1
Acapulco de Juarez,2020-01-24,0,0,0,0,0,2,1
Acapulco de Juarez,2020-01-25,0,0,0,0,0,2,1
Acapulco de Juarez,2020-01-26,0,0,0,0,0,2,1
Acapulco de Juarez,2020-01-27,0,0,0,0,0,2,1
Acapulco de Juarez,2020-01-28,0,0,0,0,0,2,1
Acapulco de Juarez,2020-01-29,0,0,0,0,0,2,1
Acapulco de Juarez,2020-01-30,0,0,0,0,0,2,1
Acapulco de Juarez,2020-01-31,0,0,0,0,0,2,1
Acapulco de Juarez,2020-02-01,0,0,0,0,0,2,1
Acapulco de Juarez,2020-02-02,0,0,0,0,0,2,1
Acapulco de Juarez,2020-02-03,0,0,0,0,0,2,1
Acapulco de Juarez,2020-02-04,0,0,0,0,0,2,1
Acapulco de Juarez,2020-02-05,0,0,0,0,0,2,1
Acapulco de Juarez,2020-02-06,0,0,0,0,0,2,1
Acapulco de Juarez,2020-02-07,0,0,0,0,0,2,1
Acapulco de Juarez,2020-02-08,0,0,0,0,0,2,1
Acapulco de Juarez,2020-02-09,0,0,0,0,0,2,1
Acapulco de Juarez,2020-02-10,0,0,0,0,0,2,1
Acapulco de Juarez,2020-02-11,0,0,0,0,0,2,1
Acapulco de Juarez,2020-02-12,0,0,0,0,0,2,1
Acapulco de Juarez,2020-02-13,0,0,0,0,0,2,1
Acapulco de Juarez,2020-02-14,0,0,0,0,0,2,1
Acapulco de Juarez,2020-02-15,0,0,0,0,0,2,1
Acapulco de Juarez,2020-02-16,0,0,0,0,0,2,1
Acapulco de Juarez,2020-02-17,0,0,0,0,0,2,1
Acapulco de Juarez,2020-02-18,0,0,0,0,0,2,1
Acapulco de Juarez,2020-02-19,0,0,0,0,0,2,1
Acapulco de Juarez,2020-02-20,0,0,0,0,0,2,1
Acapulco de Juarez,2020-02-21,0,0,0,0,1,3,1
Acapulco de Juarez,2020-02-22,0,0,0,0,0,3,1
Acapulco de Juarez,2020-02-23,0,0,0,0,0,3,1
Acapulco de Juarez,2020-02-24,0,0,0,0,0,3,1
Acapulco de Juarez,2020-02-25,0,0,0,0,0,3,1
Acapulco de Juarez,2020-02-26,0,0,0,0,0,3,1
Acapulco de Juarez,2020-02-27,0,0,0,0,0,3,1
Acapulco de Juarez,2020-02-28,0,0,0,0,0,3,1
Acapulco de Juarez,2020-02-29,0,0,0,0,0,3,1
Acapulco de Juarez,2020-03-01,0,0,0,0,0,3,1
Acapulco de Juarez,2020-03-02,0,0,0,0,0,3,1
Acapulco de Juarez,2020-03-03,0,0,0,0,0,3,1
Acapulco de Juarez,2020-03-04,0,0,0,0,0,3,1
Acapulco de Juarez,2020-03-05,0,0,0,0,0,3,1
Acapulco de Juarez,2020-03-06,0,0,0,0,0,3,1
Acapulco de Juarez,2020-03-07,0,0,0,0,0,3,1
Acapulco de Juarez,2020-03-08,0,0,0,0,1,4,1
Acapulco de Juarez,2020-03-09,0,0,0,0,2,6,1
Acapulco de Juarez,2020-03-10,0,0,0,0,0,6,1
Acapulco de Juarez,2020-03-11,0,0,0,0,0,6,1
Acapulco de Juarez,2020-03-12,0,0,0,0,0,6,1
Acapulco de Juarez,2020-03-13,1,1,0,0,6,12,1
Acapulco de Juarez,2020-03-14,0,1,0,0,0,12,1
Acapulco de Juarez,2020-03-15,0,1,0,0,0,12,1
Acapulco de Juarez,2020-03-16,2,3,0,0,3,15,1
Acapulco de Juarez,2020-03-17,3,6,0,0,5,20,1
Acapulco de Juarez,2020-03-18,0,6,0,0,1,21,1
Acapulco de Juarez,2020-03-19,0,6,0,0,0,21,1
Acapulco de Juarez,2020-03-20,0,6,0,0,2,23,1
Acapulco de Juarez,2020-03-21,1,7,0,0,1,24,1
Acapulco de Juarez,2020-03-22,0,7,0,0,0,24,1
Acapulco de Juarez,2020-03-23,1,8,0,0,10,34,1
Acapulco de Juarez,2020-03-24,0,8,0,0,2,36,1
Acapulco de Juarez,2020-03-25,3,11,0,0,14,50,1
Acapulco de Juarez,2020-03-26,4,15,0,0,15,65,1
Acapulco de Juarez,2020-03-27,0,15,0,0,8,73,1
Acapulco de Juarez,2020-03-28,1,16,1,1,8,81,1
Acapulco de Juarez,2020-03-29,1,17,0,1,9,90,1
Acapulco de Juarez,2020-03-30,1,18,0,1,17,107,1
Acapulco de Juarez,2020-03-31,3,21,0,1,12,119,1
Acapulco de Juarez,2020-04-01,2,23,0,1,14,133,1
Acapulco de Juarez,2020-04-02,1,24,0,1,12,145,1
Acapulco de Juarez,2020-04-03,1,25,0,1,4,149,1
Acapulco de Juarez,2020-04-04,0,25,0,1,4,153,1
Acapulco de Juarez,2020-04-05,1,26,0,1,3,156,1
Acapulco de Juarez,2020-04-06,6,32,0,1,14,170,1
Acapulco de Juarez,2020-04-07,6,38,0,1,16,186,1
Acapulco de Juarez,2020-04-08,4,42,0,1,11,197,1
Acapulco de Juarez,2020-04-09,1,43,1,2,5,202,1
Acapulco de Juarez,2020-04-10,1,44,0,2,10,212,1
Acapulco de Juarez,2020-04-11,3,47,0,2,7,219,1
Acapulco de Juarez,2020-04-12,3,50,0,2,8,227,1
Acapulco de Juarez,2020-04-13,8,58,0,2,24,251,1
Acapulco de Juarez,2020-04-14,3,61,1,3,17,268,1
Acapulco de Juarez,2020-04-15,3,64,0,3,16,284,1
Acapulco de Juarez,2020-04-16,3,67,0,3,14,298,1
Acapulco de Juarez,2020-04-17,8,75,0,3,14,312,1
Acapulco de Juarez,2020-04-18,1,76,1,4,8,320,0
Acapulco de Juarez,2020-04-19,1,77,1,5,4,324,0
Acapulco de Juarez,2020-04-20,5,82,0,5,19,343,0
Acapulco de Juarez,2020-04-21,3,85,1,6,14,357,0
Acapulco de Juarez,2020-04-22,3,88,1,7,6,363,0
Acapulco de Juarez,2020-04-23,14,102,0,7,24,387,0
Acapulco de Juarez,2020-04-24,15,117,0,7,26,413,0
Acapulco de Juarez,2020-04-25,3,120,1,8,10,423,0
Acapulco de Juarez,2020-04-26,11,131,1,9,16,439,0
Acapulco de Juarez,2020-04-27,12,143,3,12,25,464,0
Acapulco de Juarez,2020-04-28,18,161,1,13,46,510,0
Acapulco de Juarez,2020-04-29,13,174,1,14,22,532,0
Acapulco de Juarez,2020-04-30,8,182,2,16,23,555,0
Acapulco de Juarez,2020-05-01,10,192,0,16,19,574,0
Acapulco de Juarez,2020-05-02,30,222,3,19,54,628,0
Acapulco de Juarez,2020-05-03,12,234,1,20,20,648,0
Acapulco de Juarez,2020-05-04,27,261,1,21,50,698,0
Acapulco de Juarez,2020-05-05,11,272,1,22,31,729,0
Acapulco de Juarez,2020-05-06,25,297,3,25,54,783,0
Acapulco de Juarez,2020-05-07,15,312,2,27,41,824,0
Acapulco de Juarez,2020-05-08,29,341,2,29,61,885,0
Acapulco de Juarez,2020-05-09,14,355,1,30,31,916,0
Acapulco de Juarez,2020-05-10,20,375,1,31,28,944,0
Acapulco de Juarez,2020-05-11,26,401,1,32,66,1010,0
Acapulco de Juarez,2020-05-12,35,436,2,34,66,1076,0
Acapulco de Juarez,2020-05-13,24,460,5,39,59,1135,0
Acapulco de Juarez,2020-05-14,50,510,5,44,78,1213,0
Acapulco de Juarez,2020-05-15,42,552,9,53,79,1292,0
Acapulco de Juarez,2020-05-16,32,584,4,57,52,1344,0
Acapulco de Juarez,2020-05-17,23,607,6,63,41,1385,0
Acapulco de Juarez,2020-05-18,89,696,9,72,128,1513,0
Acapulco de Juarez,2020-05-19,68,764,5,77,85,1598,0
Acapulco de Juarez,2020-05-20,109,873,14,91,129,1727,0
Acapulco de Juarez,2020-05-21,93,966,7,98,126,1853,0
Acapulco de Juarez,2020-05-22,71,1037,7,105,104,1957,0
Acapulco de Juarez,2020-05-23,50,1087,15,120,72,2029,0
Acapulco de Juarez,2020-05-24,34,1121,13,133,48,2077,0
Acapulco de Juarez,2020-05-25,85,1206,15,148,104,2181,0
Acapulco de Juarez,2020-05-26,78,1284,8,156,108,2289,0
Acapulco de Juarez,2020-05-27,73,1357,13,169,125,2414,0
Acapulco de Juarez,2020-05-28,71,1428,14,183,103,2517,0
Acapulco de Juarez,2020-05-29,61,1489,14,197,109,2626,0
Acapulco de Juarez,2020-05-30,37,1526,9,206,77,2703,0
Acapulco de Juarez,2020-05-31,58,1584,19,225,80,2783,0
Acapulco de Juarez,2020-06-01,88,1672,14,239,125,2908,0
Acapulco de Juarez,2020-06-02,60,1732,16,255,117,3025,0
Acapulco de Juarez,2020-06-03,75,1807,4,259,108,3133,0
Acapulco de Juarez,2020-06-04,69,1876,6,265,102,3235,0
Acapulco de Juarez,2020-06-05,72,1948,15,280,111,3346,0
Acapulco de Juarez,2020-06-06,57,2005,4,284,94,3440,0
Acapulco de Juarez,2020-06-07,39,2044,13,297,50,3490,0
Acapulco de Juarez,2020-06-08,72,2116,10,307,119,3609,0
Acapulco de Juarez,2020-06-09,63,2179,7,314,98,3707,0
Acapulco de Juarez,2020-06-10,71,2250,13,327,110,3817,0
Acapulco de Juarez,2020-06-11,65,2315,9,336,104,3921,0
Acapulco de Juarez,2020-06-12,44,2359,3,339,117,4038,0
Acapulco de Juarez,2020-06-13,14,2373,10,349,75,4113,0
Acapulco de Juarez,2020-06-14,13,2386,9,358,54,4167,0
Acapulco de Juarez,2020-06-15,0,2386,1,359,65,4232,0
Acapulco de Juarez,2020-06-16,0,2386,2,361,97,4329,0
Acapulco de Juarez,2020-06-17,0,2386,0,361,10,4339,0
Zapopan,2019-12-31,0,0,0,0,0,0,1
Zapopan,2020-01-01,0,0,0,0,1,1,1
Zapopan,2020-01-02,0,0,0,0,0,1,1
Zapopan,2020-01-03,0,0,0,0,1,2,1
Zapopan,2020-01-04,0,0,0,0,0,2,1
Zapopan,2020-01-05,0,0,0,0,1,3,1
Zapopan,2020-01-06,0,0,0,0,0,3,1
Zapopan,2020-01-07,0,0,0,0,0,3,1
Zapopan,2020-01-08,0,0,0,0,1,4,1
Zapopan,2020-01-09,0,0,0,0,1,5,1
Zapopan,2020-01-10,0,0,0,0,1,6,1
Zapopan,2020-01-11,0,0,0,0,3,9,1
Zapopan,2020-01-12,0,0,0,0,1,10,1
Zapopan,2020-01-13,0,0,0,0,2,12,1
Zapopan,2020-01-14,0,0,0,0,4,16,1
Zapopan,2020-01-15,0,0,0,0,6,22,1
Zapopan,2020-01-16,0,0,0,0,4,26,1
Zapopan,2020-01-17,0,0,0,0,5,31,1
Zapopan,2020-01-18,0,0,0,0,2,33,1
Zapopan,2020-01-19,0,0,0,0,1,34,1
Zapopan,2020-01-20,0,0,0,0,4,38,1
Zapopan,2020-01-21,0,0,0,0,7,45,1
Zapopan,2020-01-22,0,0,0,0,4,49,1
Zapopan,2020-01-23,0,0,0,0,2,51,1
Zapopan,2020-01-24,0,0,0,0,4,55,1
Zapopan,2020-01-25,0,0,0,0,1,56,1
Zapopan,2020-01-26,0,0,0,0,0,56,1
Zapopan,2020-01-27,0,0,0,0,3,59,1
Zapopan,2020-01-28,0,0,0,0,5,64,1
Zapopan,2020-01-29,0,0,0,0,1,65,1
Zapopan,2020-01-30,0,0,0,0,3,68,1
Zapopan,2020-01-31,0,0,0,0,3,71,1
Zapopan,2020-02-01,0,0,0,0,2,73,1
Zapopan,2020-02-02,0,0,0,0,3,76,1
Zapopan,2020-02-03,0,0,0,0,2,78,1
Zapopan,2020-02-04,0,0,0,0,1,79,1
Zapopan,2020-02-05,0,0,0,0,1,80,1
Zapopan,2020-02-06,0,0,0,0,2,82,1
Zapopan,2020-02-07,0,0,0,0,2,84,1
Zapopan,2020-02-08,0,0,0,0,1,85,1
Zapopan,2020-02-09,0,0,0,0,2,87,1
Zapopan,2020-02-10,0,0,0,0,4,91,1
Zapopan,2020-02-11,0,0,0,0,1,92,1
Zapopan,2020-02-12,0,0,0,0,3,95,1
Zapopan,2020-02-13,0,0,0,0,1,96,1
Zapopan,2020-02-14,0,0,0,0,3,99,1
Zapopan,2020-02-15,0,0,0,0,0,99,1
Zapopan,2020-02-16,0,0,0,0,4,103,1
Zapopan,2020-02-17,0,0,0,0,3,106,1
Zapopan,2020-02-18,0,0,0,0,1,107,1
Zapopan,2020-02-19,0,0,0,0,0,107,1
Zapopan,2020-02-20,0,0,0,0,2,109,1
Zapopan,2020-02-21,0,0,0,0,0,109,1
Zapopan,2020-02-22,0,0,0,0,1,110,1
Zapopan,2020-02-23,0,0,0,0,1,111,1
Zapopan,2020-02-24,0,0,0,0,3,114,1
Zapopan,2020-02-25,0,0,0,0,1,115,1
Zapopan,2020-02-26,0,0,0,0,3,118,1
Zapopan,2020-02-27,0,0,0,0,1,119,1
Zapopan,2020-02-28,0,0,0,0,1,120,1
Zapopan,2020-02-29,0,0,0,0,0,120,1
Zapopan,2020-03-01,0,0,0,0,1,121,1
Zapopan,2020-03-02,0,0,0,0,1,122,1
Zapopan,2020-03-03,0,0,0,0,3,125,1
Zapopan,2020-03-04,0,0,0,0,5,130,1
Zapopan,2020-03-05,0,0,0,0,1,131,1
Zapopan,2020-03-06,0,0,0,0,3,134,1
Zapopan,2020-03-07,0,0,0,0,1,135,1
Zapopan,2020-03-08,0,0,0,0,1,136,1
Zapopan,2020-03-09,0,0,0,0,0,136,1
Zapopan,2020-03-10,0,0,0,0,5,141,1
Zapopan,2020-03-11,0,0,0,0,2,143,1
Zapopan,2020-03-12,2,2,0,0,10,153,1
Zapopan,2020-03-13,2,4,0,0,9,162,1
Zapopan,2020-03-14,3,7,0,0,4,166,1
Zapopan,2020-03-15,0,7,0,0,6,172,1
Zapopan,2020-03-16,6,13,0,0,10,182,1
Zapopan,2020-03-17,2,15,0,0,15,197,1
Zapopan,2020-03-18,14,29,0,0,29,226,1
Zapopan,2020-03-19,4,33,0,0,21,247,1
Zapopan,2020-03-20,1,34,0,0,14,261,1
Zapopan,2020-03-21,1,35,0,0,16,277,1
Zapopan,2020-03-22,0,35,0,0,14,291,1
Zapopan,2020-03-23,3,38,0,0,21,312,1
Zapopan,2020-03-24,7,45,0,0,41,353,1
Zapopan,2020-03-25,1,46,0,0,21,374,1
Zapopan,2020-03-26,0,46,1,1,18,392,1
Zapopan,2020-03-27,1,47,0,1,23,415,1
Zapopan,2020-03-28,0,47,0,1,18,433,1
Zapopan,2020-03-29,1,48,0,1,15,448,1
Zapopan,2020-03-30,3,51,0,1,24,472,1
Zapopan,2020-03-31,0,51,0,1,26,498,1
Zapopan,2020-04-01,0,51,0,1,32,530,1
Zapopan,2020-04-02,2,53,0,1,31,561,1
Zapopan,2020-04-03,0,53,0,1,27,588,1
Zapopan,2020-04-04,0,53,0,1,24,612,1
Zapopan,2020-04-05,0,53,0,1,9,621,1
Zapopan,2020-04-06,1,54,0,1,35,656,1
Zapopan,2020-04-07,1,55,0,1,32,688,1
Zapopan,2020-04-08,0,55,0,1,16,704,1
Zapopan,2020-04-09,0,55,0,1,22,726,1
Zapopan,2020-04-10,0,55,0,1,12,738,1
Zapopan,2020-04-11,0,55,0,1,14,752,1
Zapopan,2020-04-12,0,55,0,1,8,760,1
Zapopan,2020-04-13,1,56,0,1,17,777,1
Zapopan,2020-04-14,1,57,0,1,16,793,1
Zapopan,2020-04-15,2,59,0,1,9,802,1
Zapopan,2020-04-16,1,60,0,1,18,820,1
Zapopan,2020-04-17,1,61,0,1,38,858,1
Zapopan,2020-04-18,0,61,0,1,12,870,0
Zapopan,2020-04-19,0,61,0,1,2,872,0
Zapopan,2020-04-20,1,62,0,1,28,900,0
Zapopan,2020-04-21,0,62,0,1,20,920,0
Zapopan,2020-04-22,2,64,0,1,37,957,0
Zapopan,2020-04-23,1,65,0,1,31,988,0
Zapopan,2020-04-24,1,66,0,1,60,1048,0
Zapopan,2020-04-25,1,67,0,1,16,1064,0
Zapopan,2020-04-26,1,68,0,1,10,1074,0
Zapopan,2020-04-27,1,69,0,1,20,1094,0
Zapopan,2020-04-28,0,69,1,2,23,1117,0
Zapopan,2020-04-29,5,74,0,2,27,1144,0
Zapopan,2020-04-30,2,76,1,3,31,1175,0
Zapopan,2020-05-01,3,79,0,3,20,1195,0
Zapopan,2020-05-02,4,83,0,3,10,1205,0
Zapopan,2020-05-03,2,85,0,3,5,1210,0
Zapopan,2020-05-04,3,88,0,3,36,1246,0
Zapopan,2020-05-05,3,91,0,3,26,1272,0
Zapopan,2020-05-06,1,92,0,3,17,1289,0
Zapopan,2020-05-07,8,100,0,3,48,1337,0
Zapopan,2020-05-08,4,104,0,3,26,1363,0
Zapopan,2020-05-09,2,106,0,3,48,1411,0
Zapopan,2020-05-10,1,107,0,3,17,1428,0
Zapopan,2020-05-11,3,110,0,3,32,1460,0
Zapopan,2020-05-12,4,114,0,3,28,1488,0
Zapopan,2020-05-13,3,117,0,3,24,1512,0
Zapopan,2020-05-14,6,123,0,3,54,1566,0
Zapopan,2020-05-15,3,126,1,4,28,1594,0
Zapopan,2020-05-16,3,129,0,4,30,1624,0
Zapopan,2020-05-17,1,130,0,4,11,1635,0
Zapopan,2020-05-18,7,137,0,4,31,1666,0
Zapopan,2020-05-19,6,143,0,4,27,1693,0
Zapopan,2020-05-20,3,146,1,5,23,1716,0
Zapopan,2020-05-21,3,149,2,7,42,1758,0
Zapopan,2020-05-22,14,163,1,8,55,1813,0
Zapopan,2020-05-23,10,173,1,9,50,1863,0
Zapopan,2020-05-24,4,177,0,9,19,1882,0
Zapopan,2020-05-25,17,194,2,11,47,1929,0
Zapopan,2020-05-26,28,222,1,12,70,1999,0
Zapopan,2020-05-27,17,239,0,12,83,2082,0
Zapopan,2020-05-28,15,254,0,12,57,2139,0
Zapopan,2020-05-29,22,276,1,13,74,2213,0
Zapopan,2020-05-30,32,308,0,13,70,2283,0
Zapopan,2020-05-31,6,314,0,13,17,2300,0
Zapopan,2020-06-01,40,354,4,17,100,2400,0
Zapopan,2020-06-02,28,382,0,17,83,2483,0
Zapopan,2020-06-03,42,424,0,17,100,2583,0
Zapopan,2020-06-04,38,462,1,18,86,2669,0
Zapopan,2020-06-05,40,502,1,19,103,2772,0
Zapopan,2020-06-06,16,518,0,19,44,2816,0
Zapopan,2020-06-07,12,530,2,21,26,2842,0
Zapopan,2020-06-08,40,570,0,21,106,2948,0
Zapopan,2020-06-09,39,609,4,25,101,3049,0
Zapopan,2020-06-10,30,639,0,25,96,3145,0
Zapopan,2020-06-11,24,663,2,27,92,3237,0
Zapopan,2020-06-12,23,686,3,30,84,3321,0
Zapopan,2020-06-13,17,703,3,33,41,3362,0
Zapopan,2020-06-14,6,709,0,33,17,3379,0
Zapopan,2020-06-15,10,719,0,33,79,3458,0
Zapopan,2020-06-16,0,719,1,34,77,3535,0
Zapopan,2020-06-17,0,719,0,34,48,3583,0
Cuernavaca,2019-12-31,0,0,0,0,0,0,1
Cuernavaca,2020-01-01,0,0,0,0,0,0,1
Cuernavaca,2020-01-02,0,0,0,0,0,0,1
Cuernavaca,2020-01-03,0,0,0,0,0,0,1
Cuernavaca,2020-01-04,0,0,0,0,0,0,1
Cuernavaca,2020-01-05,0,0,0,0,0,0,1
Cuernavaca,2020-01-06,0,0,0,0,0,0,1
Cuernavaca,2020-01-07,0,0,0,0,0,0,1
Cuernavaca,2020-01-08,0,0,0,0,0,0,1
Cuernavaca,2020-01-09,0,0,0,0,0,0,1
Cuernavaca,2020-01-10,0,0,0,0,0,0,1
Cuernavaca,2020-01-11,0,0,0,0,0,0,1
Cuernavaca,2020-01-12,0,0,0,0,0,0,1
Cuernavaca,2020-01-13,0,0,0,0,1,1,1
Cuernavaca,2020-01-14,0,0,0,0,0,1,1
Cuernavaca,2020-01-15,0,0,0,0,0,1,1
Cuernavaca,2020-01-16,0,0,0,0,0,1,1
Cuernavaca,2020-01-17,0,0,0,0,0,1,1
Cuernavaca,2020-01-18,0,0,0,0,0,1,1
Cuernavaca,2020-01-19,0,0,0,0,0,1,1
Cuernavaca,2020-01-20,0,0,0,0,0,1,1
Cuernavaca,2020-01-21,0,0,0,0,0,1,1
Cuernavaca,2020-01-22,0,0,0,0,0,1,1
Cuernavaca,2020-01-23,0,0,0,0,0,1,1
Cuernavaca,2020-01-24,0,0,0,0,0,1,1
Cuernavaca,2020-01-25,0,0,0,0,0,1,1
Cuernavaca,2020-01-26,0,0,0,0,0,1,1
Cuernavaca,2020-01-27,0,0,0,0,0,1,1
Cuernavaca,2020-01-28,0,0,0,0,0,1,1
Cuernavaca,2020-01-29,0,0,0,0,0,1,1
Cuernavaca,2020-01-30,0,0,0,0,0,1,1
Cuernavaca,2020-01-31,0,0,0,0,0,1,1
Cuernavaca,2020-02-01,0,0,0,0,0,1,1
Cuernavaca,2020-02-02,0,0,0,0,0,1,1
Cuernavaca,2020-02-03,0,0,0,0,0,1,1
Cuernavaca,2020-02-04,0,0,0,0,0,1,1
Cuernavaca,2020-02-05,0,0,0,0,0,1,1
Cuernavaca,2020-02-06,0,0,0,0,0,1,1
Cuernavaca,2020-02-07,0,0,0,0,1,2,1
Cuernavaca,2020-02-08,0,0,0,0,0,2,1
Cuernavaca,2020-02-09,0,0,0,0,0,2,1
Cuernavaca,2020-02-10,0,0,0,0,0,2,1
Cuernavaca,2020-02-11,0,0,0,0,0,2,1
Cuernavaca,2020-02-12,0,0,0,0,0,2,1
Cuernavaca,2020-02-13,0,0,0,0,0,2,1
Cuernavaca,2020-02-14,0,0,0,0,0,2,1
Cuernavaca,2020-02-15,0,0,0,0,0,2,1
Cuernavaca,2020-02-16,0,0,0,0,0,2,1
Cuernavaca,2020-02-17,0,0,0,0,0,2,1
Cuernavaca,2020-02-18,0,0,0,0,0,2,1
Cuernavaca,2020-02-19,0,0,0,0,0,2,1
Cuernavaca,2020-02-20,0,0,0,0,0,2,1
Cuernavaca,2020-02-21,0,0,0,0,0,2,1
Cuernavaca,2020-02-22,0,0,0,0,0,2,1
Cuernavaca,2020-02-23,0,0,0,0,0,2,1
Cuernavaca,2020-02-24,0,0,0,0,0,2,1
Cuernavaca,2020-02-25,0,0,0,0,0,2,1
Cuernavaca,2020-02-26,0,0,0,0,0,2,1
Cuernavaca,2020-02-27,0,0,0,0,0,2,1
Cuernavaca,2020-02-28,0,0,0,0,0,2,1
Cuernavaca,2020-02-29,0,0,0,0,0,2,1
Cuernavaca,2020-03-01,0,0,0,0,1,3,1
Cuernavaca,2020-03-02,0,0,0,0,0,3,1
Cuernavaca,2020-03-03,0,0,0,0,0,3,1
Cuernavaca,2020-03-04,0,0,0,0,0,3,1
Cuernavaca,2020-03-05,0,0,0,0,0,3,1
Cuernavaca,2020-03-06,0,0,0,0,0,3,1
Cuernavaca,2020-03-07,0,0,0,0,0,3,1
Cuernavaca,2020-03-08,0,0,0,0,0,3,1
Cuernavaca,2020-03-09,0,0,0,0,0,3,1
Cuernavaca,2020-03-10,0,0,0,0,0,3,1
Cuernavaca,2020-03-11,0,0,0,0,0,3,1
Cuernavaca,2020-03-12,0,0,0,0,1,4,1
Cuernavaca,2020-03-13,0,0,0,0,0,4,1
Cuernavaca,2020-03-14,1,1,0,0,2,6,1
Cuernavaca,2020-03-15,0,1,0,0,0,6,1
Cuernavaca,2020-03-16,0,1,0,0,0,6,1
Cuernavaca,2020-03-17,0,1,0,0,1,7,1
Cuernavaca,2020-03-18,0,1,0,0,1,8,1
Cuernavaca,2020-03-19,0,1,0,0,4,12,1
Cuernavaca,2020-03-20,1,2,0,0,4,16,1
Cuernavaca,2020-03-21,0,2,0,0,0,16,1
Cuernavaca,2020-03-22,0,2,0,0,1,17,1
Cuernavaca,2020-03-23,2,4,0,0,9,26,1
Cuernavaca,2020-03-24,3,7,0,0,7,33,1
Cuernavaca,2020-03-25,0,7,0,0,7,40,1
Cuernavaca,2020-03-26,0,7,0,0,3,43,1
Cuernavaca,2020-03-27,0,7,0,0,3,46,1
Cuernavaca,2020-03-28,0,7,0,0,3,49,1
Cuernavaca,2020-03-29,1,8,1,1,7,56,1
Cuernavaca,2020-03-30,1,9,0,1,3,59,1
Cuernavaca,2020-03-31,0,9,1,2,4,63,1
Cuernavaca,2020-04-01,2,11,0,2,12,75,1
Cuernavaca,2020-04-02,2,13,0,2,6,81,1
Cuernavaca,2020-04-03,0,13,0,2,3,84,1
Cuernavaca,2020-04-04,3,16,0,2,9,93,1
Cuernavaca,2020-04-05,1,17,0,2,4,97,1
Cuernavaca,2020-04-06,2,19,0,2,9,106,1
Cuernavaca,2020-04-07,2,21,0,2,4,110,1
Cuernavaca,2020-04-08,3,24,0,2,13,123,1
Cuernavaca,2020-04-09,0,24,0,2,2,125,1
Cuernavaca,2020-04-10,0,24,0,2,4,129,1
Cuernavaca,2020-04-11,0,24,0,2,5,134,1
Cuernavaca,2020-04-12,1,25,0,2,3,137,1
Cuernavaca,2020-04-13,2,27,1,3,10,147,1
Cuernavaca,2020-04-14,4,31,0,3,12,159,1
Cuernavaca,2020-04-15,7,38,0,3,16,175,1
Cuernavaca,2020-04-16,1,39,0,3,6,181,1
Cuernavaca,2020-04-17,3,42,2,5,6,187,1
Cuernavaca,2020-04-18,3,45,0,5,4,191,0
Cuernavaca,2020-04-19,9,54,1,6,12,203,0
Cuernavaca,2020-04-20,13,67,3,9,22,225,0
Cuernavaca,2020-04-21,5,72,3,12,12,237,0
Cuernavaca,2020-04-22,14,86,1,13,18,255,0
Cuernavaca,2020-04-23,17,103,3,16,20,275,0
Cuernavaca,2020-04-24,9,112,1,17,10,285,0
Cuernavaca,2020-04-25,3,115,4,21,4,289,0
Cuernavaca,2020-04-26,16,131,3,24,19,308,0
Cuernavaca,2020-04-27,15,146,1,25,18,326,0
Cuernavaca,2020-04-28,8,154,1,26,14,340,0
Cuernavaca,2020-04-29,12,166,5,31,20,360,0
Cuernavaca,2020-04-30,11,177,0,31,23,383,0
Cuernavaca,2020-05-01,2,179,7,38,6,389,0
Cuernavaca,2020-05-02,6,185,1,39,6,395,0
Cuernavaca,2020-05-03,17,202,2,41,22,417,0
Cuernavaca,2020-05-04,7,209,4,45,14,431,0
Cuernavaca,2020-05-05,12,221,3,48,13,444,0
Cuernavaca,2020-05-06,14,235,3,51,30,474,0
Cuernavaca,2020-05-07,16,251,5,56,27,501,0
Cuernavaca,2020-05-08,7,258,3,59,15,516,0
Cuernavaca,2020-05-09,5,263,6,65,10,526,0
Cuernavaca,2020-05-10,7,270,2,67,10,536,0
Cuernavaca,2020-05-11,9,279,1,68,18,554,0
Cuernavaca,2020-05-12,7,286,4,72,19,573,0
Cuernavaca,2020-05-13,13,299,1,73,20,593,0
Cuernavaca,2020-05-14,3,302,0,73,14,607,0
Cuernavaca,2020-05-15,7,309,0,73,27,634,0
Cuernavaca,2020-05-16,1,310,2,75,2,636,0
Cuernavaca,2020-05-17,0,310,3,78,5,641,0
Cuernavaca,2020-05-18,10,320,1,79,23,664,0
Cuernavaca,2020-05-19,12,332,1,80,25,689,0
Cuernavaca,2020-05-20,9,341,1,81,18,707,0
Cuernavaca,2020-05-21,5,346,3,84,15,722,0
Cuernavaca,2020-05-22,8,354,3,87,17,739,0
Cuernavaca,2020-05-23,2,356,1,88,3,742,0
Cuernavaca,2020-05-24,1,357,0,88,3,745,0
Cuernavaca,2020-05-25,8,365,0,88,17,762,0
Cuernavaca,2020-05-26,7,372,0,88,27,789,0
Cuernavaca,2020-05-27,7,379,0,88,17,806,0
Cuernavaca,2020-05-28,8,387,0,88,17,823,0
Cuernavaca,2020-05-29,3,390,0,88,14,837,0
Cuernavaca,2020-05-30,6,396,0,88,9,846,0
Cuernavaca,2020-05-31,2,398,0,88,2,848,0
Cuernavaca,2020-06-01,11,409,0,88,30,878,0
Cuernavaca,2020-06-02,5,414,0,88,14,892,0
Cuernavaca,2020-06-03,9,423,0,88,18,910,0
Cuernavaca,2020-06-04,6,429,0,88,14,924,0
Cuernavaca,2020-06-05,8,437,1,89,17,941,0
Cuernavaca,2020-06-06,1,438,1,90,4,945,0
Cuernavaca,2020-06-07,2,440,0,90,4,949,0
Cuernavaca,2020-06-08,11,451,0,90,20,969,0
Cuernavaca,2020-06-09,11,462,3,93,25,994,0
Cuernavaca,2020-06-10,8,470,1,94,29,1023,0
Cuernavaca,2020-06-11,8,478,0,94,39,1062,0
Cuernavaca,2020-06-12,4,482,1,95,15,1077,0
Cuernavaca,2020-06-13,2,484,0,95,6,1083,0
Cuernavaca,2020-06-14,2,486,1,96,6,1089,0
Cuernavaca,2020-06-15,6,492,0,96,23,1112,0
Cuernavaca,2020-06-16,0,492,0,96,22,1134,0
Cuernavaca,2020-06-17,0,492,0,96,5,1139,0
Chihuahua,2019-12-31,0,0,0,0,0,0,1
Chihuahua,2020-01-01,0,0,0,0,0,0,1
Chihuahua,2020-01-02,0,0,0,0,0,0,1
Chihuahua,2020-01-03,0,0,0,0,0,0,1
Chihuahua,2020-01-04,0,0,0,0,0,0,1
Chihuahua,2020-01-05,0,0,0,0,0,0,1
Chihuahua,2020-01-06,0,0,0,0,0,0,1
Chihuahua,2020-01-07,0,0,0,0,0,0,1
Chihuahua,2020-01-08,0,0,0,0,0,0,1
Chihuahua,2020-01-09,0,0,0,0,0,0,1
Chihuahua,2020-01-10,0,0,0,0,0,0,1
Chihuahua,2020-01-11,0,0,0,0,0,0,1
Chihuahua,2020-01-12,0,0,0,0,0,0,1
Chihuahua,2020-01-13,0,0,0,0,0,0,1
Chihuahua,2020-01-14,0,0,0,0,0,0,1
Chihuahua,2020-01-15,0,0,0,0,0,0,1
Chihuahua,2020-01-16,0,0,0,0,0,0,1
Chihuahua,2020-01-17,0,0,0,0,0,0,1
Chihuahua,2020-01-18,0,0,0,0,0,0,1
Chihuahua,2020-01-19,0,0,0,0,0,0,1
Chihuahua,2020-01-20,0,0,0,0,0,0,1
Chihuahua,2020-01-21,0,0,0,0,0,0,1
Chihuahua,2020-01-22,0,0,0,0,0,0,1
Chihuahua,2020-01-23,0,0,0,0,0,0,1
Chihuahua,2020-01-24,0,0,0,0,0,0,1
Chihuahua,2020-01-25,0,0,0,0,0,0,1
Chihuahua,2020-01-26,0,0,0,0,0,0,1
Chihuahua,2020-01-27,0,0,0,0,0,0,1
Chihuahua,2020-01-28,0,0,0,0,0,0,1
Chihuahua,2020-01-29,0,0,0,0,0,0,1
Chihuahua,2020-01-30,0,0,0,0,0,0,1
Chihuahua,2020-01-31,0,0,0,0,0,0,1
Chihuahua,2020-02-01,0,0,0,0,0,0,1
Chihuahua,2020-02-02,0,0,0,0,0,0,1
Chihuahua,2020-02-03,0,0,0,0,0,0,1
Chihuahua,2020-02-04,0,0,0,0,0,0,1
Chihuahua,2020-02-05,0,0,0,0,0,0,1
Chihuahua,2020-02-06,0,0,0,0,0,0,1
Chihuahua,2020-02-07,0,0,0,0,0,0,1
Chihuahua,2020-02-08,0,0,0,0,0,0,1
Chihuahua,2020-02-09,0,0,0,0,0,0,1
Chihuahua,2020-02-10,0,0,0,0,0,0,1
Chihuahua,2020-02-11,0,0,0,0,0,0,1
Chihuahua,2020-02-12,0,0,0,0,0,0,1
Chihuahua,2020-02-13,0,0,0,0,0,0,1
Chihuahua,2020-02-14,0,0,0,0,0,0,1
Chihuahua,2020-02-15,0,0,0,0,0,0,1
Chihuahua,2020-02-16,0,0,0,0,0,0,1
Chihuahua,2020-02-17,0,0,0,0,0,0,1
Chihuahua,2020-02-18,0,0,0,0,0,0,1
Chihuahua,2020-02-19,0,0,0,0,0,0,1
Chihuahua,2020-02-20,0,0,0,0,0,0,1
Chihuahua,2020-02-21,0,0,0,0,0,0,1
Chihuahua,2020-02-22,0,0,0,0,0,0,1
Chihuahua,2020-02-23,0,0,0,0,0,0,1
Chihuahua,2020-02-24,0,0,0,0,0,0,1
Chihuahua,2020-02-25,0,0,0,0,0,0,1
Chihuahua,2020-02-26,0,0,0,0,1,1,1
Chihuahua,2020-02-27,0,0,0,0,0,1,1
Chihuahua,2020-02-28,0,0,0,0,1,2,1
Chihuahua,2020-02-29,0,0,0,0,0,2,1
Chihuahua,2020-03-01,0,0,0,0,0,2,1
Chihuahua,2020-03-02,0,0,0,0,0,2,1
Chihuahua,2020-03-03,0,0,0,0,1,3,1
Chihuahua,2020-03-04,0,0,0,0,0,3,1
Chihuahua,2020-03-05,0,0,0,0,0,3,1
Chihuahua,2020-03-06,0,0,0,0,0,3,1
Chihuahua,2020-03-07,0,0,0,0,1,4,1
Chihuahua,2020-03-08,0,0,0,0,0,4,1
Chihuahua,2020-03-09,0,0,0,0,0,4,1
Chihuahua,2020-03-10,0,0,0,0,1,5,1
Chihuahua,2020-03-11,0,0,0,0,0,5,1
Chihuahua,2020-03-12,0,0,0,0,0,5,1
Chihuahua,2020-03-13,1,1,0,0,1,6,1
Chihuahua,2020-03-14,0,1,0,0,0,6,1
Chihuahua,2020-03-15,0,1,0,0,2,8,1
Chihuahua,2020-03-16,0,1,0,0,0,8,1
Chihuahua,2020-03-17,0,1,0,0,1,9,1
Chihuahua,2020-03-18,0,1,0,0,0,9,1
Chihuahua,2020-03-19,1,2,0,0,2,11,1
Chihuahua,2020-03-20,0,2,0,0,2,13,1
Chihuahua,2020-03-21,1,3,0,0,1,14,1
Chihuahua,2020-03-22,0,3,0,0,5,19,1
Chihuahua,2020-03-23,0,3,0,0,3,22,1
Chihuahua,2020-03-24,0,3,0,0,1,23,1
Chihuahua,2020-03-25,0,3,0,0,3,26,1
Chihuahua,2020-03-26,0,3,0,0,2,28,1
Chihuahua,2020-03-27,0,3,0,0,2,30,1
Chihuahua,2020-03-28,0,3,0,0,3,33,1
Chihuahua,2020-03-29,1,4,0,0,2,35,1
Chihuahua,2020-03-30,1,5,0,0,7,42,1
Chihuahua,2020-03-31,0,5,0,0,2,44,1
Chihuahua,2020-04-01,2,7,0,0,2,46,1
Chihuahua,2020-04-02,1,8,0,0,3,49,1
Chihuahua,2020-04-03,1,9,0,0,5,54,1
Chihuahua,2020-04-04,1,10,0,0,3,57,1
Chihuahua,2020-04-05,4,14,0,0,7,64,1
Chihuahua,2020-04-06,4,18,0,0,11,75,1
Chihuahua,2020-04-07,2,20,1,1,7,82,1
Chihuahua,2020-04-08,1,21,1,2,7,89,1
Chihuahua,2020-04-09,1,22,0,2,9,98,1
Chihuahua,2020-04-10,3,25,0,2,7,105,1
Chihuahua,2020-04-11,4,29,0,2,9,114,1
Chihuahua,2020-04-12,0,29,2,4,0,114,1
Chihuahua,2020-04-13,2,31,1,5,19,133,1
Chihuahua,2020-04-14,3,34,0,5,15,148,1
Chihuahua,2020-04-15,3,37,0,5,12,160,1
Chihuahua,2020-04-16,6,43,0,5,16,176,1
Chihuahua,2020-04-17,5,48,0,5,12,188,1
Chihuahua,2020-04-18,4,52,0,5,9,197,0
Chihuahua,2020-04-19,3,55,0,5,8,205,0
Chihuahua,2020-04-20,5,60,2,7,22,227,0
Chihuahua,2020-04-21,7,67,2,9,21,248,0
Chihuahua,2020-04-22,6,73,1,10,16,264,0
Chihuahua,2020-04-23,11,84,0,10,29,293,0
Chihuahua,2020-04-24,18,102,2,12,34,327,0
Chihuahua,2020-04-25,6,108,1,13,20,347,0
Chihuahua,2020-04-26,4,112,3,16,10,357,0
Chihuahua,2020-04-27,11,123,1,17,28,385,0
Chihuahua,2020-04-28,31,154,0,17,47,432,0
Chihuahua,2020-04-29,13,167,3,20,25,457,0
Chihuahua,2020-04-30,15,182,1,21,28,485,0
Chihuahua,2020-05-01,15,197,2,23,35,520,0
Chihuahua,2020-05-02,15,212,2,25,28,548,0
Chihuahua,2020-05-03,5,217,1,26,12,560,0
Chihuahua,2020-05-04,12,229,4,30,32,592,0
Chihuahua,2020-05-05,14,243,1,31,47,639,0
Chihuahua,2020-05-06,10,253,2,33,50,689,0
Chihuahua,2020-05-07,11,264,2,35,49,738,0
Chihuahua,2020-05-08,14,278,2,37,32,770,0
Chihuahua,2020-05-09,12,290,1,38,28,798,0
Chihuahua,2020-05-10,5,295,0,38,14,812,0
Chihuahua,2020-05-11,16,311,0,38,43,855,0
Chihuahua,2020-05-12,7,318,1,39,36,891,0
Chihuahua,2020-05-13,7,325,0,39,33,924,0
Chihuahua,2020-05-14,11,336,0,39,40,964,0
Chihuahua,2020-05-15,17,353,1,40,41,1005,0
Chihuahua,2020-05-16,9,362,1,41,29,1034,0
Chihuahua,2020-05-17,1,363,1,42,11,1045,0
Chihuahua,2020-05-18,4,367,1,43,31,1076,0
Chihuahua,2020-05-19,5,372,1,44,21,1097,0
Chihuahua,2020-05-20,4,376,0,44,21,1118,0
Chihuahua,2020-05-21,5,381,0,44,37,1155,0
Chihuahua,2020-05-22,11,392,0,44,30,1185,0
Chihuahua,2020-05-23,5,397,0,44,11,1196,0
Chihuahua,2020-05-24,7,404,1,45,18,1214,0
Chihuahua,2020-05-25,10,414,0,45,32,1246,0
Chihuahua,2020-05-26,5,419,2,47,26,1272,0
Chihuahua,2020-05-27,6,425,1,48,32,1304,0
Chihuahua,2020-05-28,6,431,1,49,30,1334,0
Chihuahua,2020-05-29,10,441,0,49,28,1362,0
Chihuahua,2020-05-30,1,442,0,49,11,1373,0
Chihuahua,2020-05-31,1,443,1,50,15,1388,0
Chihuahua,2020-06-01,6,449,1,51,42,1430,0
Chihuahua,2020-06-02,13,462,1,52,44,1474,0
Chihuahua,2020-06-03,5,467,1,53,19,1493,0
Chihuahua,2020-06-04,3,470,1,54,24,1517,0
Chihuahua,2020-06-05,11,481,0,54,24,1541,0
Chihuahua,2020-06-06,5,486,0,54,14,1555,0
Chihuahua,2020-06-07,7,493,0,54,15,1570,0
Chihuahua,2020-06-08,12,505,2,56,29,1599,0
Chihuahua,2020-06-09,15,520,1,57,38,1637,0
Chihuahua,2020-06-10,11,531,0,57,31,1668,0
Chihuahua,2020-06-11,9,540,0,57,32,1700,0
Chihuahua,2020-06-12,3,543,0,57,15,1715,0
Chihuahua,2020-06-13,1,544,0,57,8,1723,0
Chihuahua,2020-06-14,1,545,0,57,12,1735,0
Chihuahua,2020-06-15,0,545,0,57,20,1755,0
Chihuahua,2020-06-16,0,545,0,57,34,1789,0
Chihuahua,2020-06-17,0,545,1,58,6,1795,0
MC,2019-12-31,0,0,0,0,0,0,0
MC,2020-01-01,0,0,0,0,0,0,0
MC,2020-01-02,0,0,0,0,10,10,0
MC,2020-01-03,0,0,0,0,6,16,0
MC,2020-01-04,0,0,0,0,1,17,0
MC,2020-01-05,0,0,0,0,3,20,0
MC,2020-01-06,0,0,0,0,11,31,0
MC,2020-01-07,0,0,0,0,6,37,0
MC,2020-01-08,0,0,0,0,4,41,0
MC,2020-01-09,0,0,0,0,13,54,0
MC,2020-01-10,0,0,0,0,14,68,0
MC,2020-01-11,0,0,0,0,1,69,0
MC,2020-01-12,0,0,0,0,3,72,0
MC,2020-01-13,0,0,0,0,10,82,0
MC,2020-01-14,0,0,0,0,16,98,0
MC,2020-01-15,0,0,0,0,10,108,0
MC,2020-01-16,0,0,0,0,10,118,0
MC,2020-01-17,0,0,0,0,11,129,0
MC,2020-01-18,0,0,0,0,1,130,0
MC,2020-01-19,0,0,0,0,6,136,0
MC,2020-01-20,0,0,0,0,12,148,0
MC,2020-01-21,0,0,0,0,10,158,0
MC,2020-01-22,0,0,0,0,8,166,0
MC,2020-01-23,0,0,0,0,10,176,0
MC,2020-01-24,0,0,0,0,11,187,0
MC,2020-01-25,0,0,0,0,2,189,0
MC,2020-01-26,0,0,0,0,13,202,0
MC,2020-01-27,0,0,0,0,6,208,0
MC,2020-01-28,0,0,0,0,9,217,0
MC,2020-01-29,0,0,0,0,3,220,0
MC,2020-01-30,0,0,0,0,6,226,0
MC,2020-01-31,0,0,0,0,4,230,0
MC,2020-02-01,0,0,0,0,0,230,0
MC,2020-02-02,0,0,0,0,0,230,0
MC,2020-02-03,0,0,0,0,0,230,0
MC,2020-02-04,0,0,0,0,11,241,0
MC,2020-02-05,0,0,0,0,11,252,0
MC,2020-02-06,0,0,0,0,2,254,0
MC,2020-02-07,0,0,0,0,5,259,0
MC,2020-02-08,0,0,0,0,1,260,0
MC,2020-02-09,0,0,0,0,5,265,0
MC,2020-02-10,0,0,0,0,17,282,0
MC,2020-02-11,0,0,0,0,7,289,0
MC,2020-02-12,0,0,0,0,3,292,0
MC,2020-02-13,0,0,0,0,4,296,0
MC,2020-02-14,0,0,0,0,6,302,0
MC,2020-02-15,0,0,0,0,2,304,0
MC,2020-02-16,0,0,0,0,1,305,0
MC,2020-02-17,0,0,0,0,3,308,0
MC,2020-02-18,0,0,0,0,3,311,0
MC,2020-02-19,0,0,0,0,3,314,0
MC,2020-02-20,0,0,0,0,1,315,0
MC,2020-02-21,0,0,0,0,6,321,0
MC,2020-02-22,0,0,0,0,2,323,0
MC,2020-02-23,0,0,0,0,1,324,0
MC,2020-02-24,0,0,0,0,7,331,0
MC,2020-02-25,0,0,0,0,4,335,10
MC,2020-02-26,0,0,0,0,8,343,10
MC,2020-02-27,3,3,0,0,15,358,10
MC,2020-02-28,0,3,0,0,12,370,10
MC,2020-02-29,0,3,0,0,3,373,10
MC,2020-03-01,0,3,0,0,3,376,10
MC,2020-03-02,0,3,0,0,22,398,10
MC,2020-03-03,0,3,0,0,7,405,10
MC,2020-03-04,0,3,0,0,15,420,10
MC,2020-03-05,1,4,0,0,17,437,10
MC,2020-03-06,0,4,0,0,16,453,10
MC,2020-03-07,1,5,0,0,7,460,10
MC,2020-03-08,1,6,0,0,8,468,10
MC,2020-03-09,0,6,0,0,19,487,10
MC,2020-03-10,3,9,0,0,30,517,10
MC,2020-03-11,12,21,0,0,45,562,10
MC,2020-03-12,17,38,0,0,71,633,10
MC,2020-03-13,24,62,0,0,74,707,10
MC,2020-03-14,21,83,0,0,57,764,10
MC,2020-03-15,10,93,0,0,41,805,10
MC,2020-03-16,26,119,0,0,71,876,10
MC,2020-03-17,34,153,0,0,110,986,10
MC,2020-03-18,31,184,0,0,118,1104,10
MC,2020-03-19,39,223,0,0,131,1235,10
MC,2020-03-20,24,247,0,0,101,1336,10
MC,2020-03-21,12,259,0,0,46,1382,10
MC,2020-03-22,11,270,1,1,30,1412,10
MC,2020-03-23,25,295,1,2,91,1503,10
MC,2020-03-24,35,330,0,2,183,1686,10
MC,2020-03-25,25,355,1,3,174,1860,10
MC,2020-03-26,50,405,3,6,180,2040,10
MC,2020-03-27,39,444,4,10,227,2267,10
MC,2020-03-28,49,493,1,11,116,2383,10
MC,2020-03-29,35,528,2,13,103,2486,10
MC,2020-03-30,77,605,4,17,225,2711,10
MC,2020-03-31,51,656,7,24,198,2909,10
MC,2020-04-01,55,711,5,29,200,3109,10
MC,2020-04-02,71,782,5,34,279,3388,10
MC,2020-04-03,79,861,7,41,331,3719,10
MC,2020-04-04,57,918,6,47,160,3879,10
MC,2020-04-05,55,973,4,51,119,3998,10
MC,2020-04-06,118,1091,16,67,350,4348,10
MC,2020-04-07,127,1218,11,78,464,4812,10
MC,2020-04-08,125,1343,6,84,519,5331,10
MC,2020-04-09,127,1470,17,101,419,5750,10
MC,2020-04-10,147,1617,23,124,455,6205,10
MC,2020-04-11,110,1727,23,147,233,6438,10
MC,2020-04-12,114,1841,11,158,215,6653,10
MC,2020-04-13,268,2109,14,172,668,7321,10
MC,2020-04-14,247,2356,24,196,710,8031,10
MC,2020-04-15,228,2584,22,218,629,8660,10
MC,2020-04-16,250,2834,25,243,643,9303,10
MC,2020-04-17,327,3161,17,260,833,10136,10
MC,2020-04-18,197,3358,25,285,321,10457,10
MC,2020-04-19,185,3543,30,315,312,10769,10
MC,2020-04-20,446,3989,35,350,904,11673,10
MC,2020-04-21,433,4422,40,390,904,12577,10
MC,2020-04-22,399,4821,28,418,846,13423,10
MC,2020-04-23,344,5165,36,454,708,14131,10
MC,2020-04-24,508,5673,46,500,970,15101,10
MC,2020-04-25,247,5920,62,562,430,15531,10
MC,2020-04-26,222,6142,57,619,385,15916,10
MC,2020-04-27,495,6637,47,666,1039,16955,10
MC,2020-04-28,535,7172,40,706,1164,18119,10
MC,2020-04-29,565,7737,63,769,1253,19372,10
MC,2020-04-30,531,8268,78,847,1388,20760,10
MC,2020-05-01,327,8595,70,917,612,21372,10
MC,2020-05-02,321,8916,56,973,586,21958,10
MC,2020-05-03,292,9208,68,1041,591,22549,10
MC,2020-05-04,718,9926,66,1107,1559,24108,10
MC,2020-05-05,589,10515,80,1187,1225,25333,10
MC,2020-05-06,680,11195,79,1266,1557,26890,10
MC,2020-05-07,704,11899,69,1335,1430,28320,10
MC,2020-05-08,788,12687,82,1417,1675,29995,10
MC,2020-05-09,391,13078,72,1489,712,30707,10
MC,2020-05-10,354,13432,81,1570,565,31272,10
MC,2020-05-11,797,14229,76,1646,1521,32793,10
MC,2020-05-12,802,15031,88,1734,1611,34404,10
MC,2020-05-13,879,15910,93,1827,1714,36118,10
MC,2020-05-14,792,16702,99,1926,1656,37774,10
MC,2020-05-15,921,17623,100,2026,1778,39552,10
MC,2020-05-16,585,18208,97,2123,924,40476,10
MC,2020-05-17,359,18567,110,2233,575,41051,10
MC,2020-05-18,1059,19626,110,2343,1993,43044,10
MC,2020-05-19,1002,20628,103,2446,1939,44983,10
MC,2020-05-20,1020,21648,87,2533,2018,47001,10
MC,2020-05-21,942,22590,116,2649,1858,48859,10
MC,2020-05-22,890,23480,96,2745,1933,50792,10
MC,2020-05-23,461,23941,99,2844,870,51662,10
MC,2020-05-24,333,24274,100,2944,604,52266,10
MC,2020-05-25,1006,25280,99,3043,2043,54309,10
MC,2020-05-26,893,26173,97,3140,1834,56143,10
MC,2020-05-27,967,27140,85,3225,2053,58196,10
MC,2020-05-28,824,27964,96,3321,1661,59857,10
MC,2020-05-29,903,28867,81,3402,1822,61679,10
MC,2020-05-30,528,29395,77,3479,1010,62689,10
MC,2020-05-31,395,29790,103,3582,649,63338,10
MC,2020-06-01,1038,30828,99,3681,2073,65411,10
MC,2020-06-02,898,31726,74,3755,1889,67300,10
MC,2020-06-03,959,32685,98,3853,2094,69394,10
MC,2020-06-04,910,33595,93,3946,2029,71423,10
MC,2020-06-05,930,34525,90,4036,2083,73506,10
MC,2020-06-06,496,35021,95,4131,927,74433,10
MC,2020-06-07,371,35392,88,4219,595,75028,10
MC,2020-06-08,994,36386,96,4315,2147,77175,10
MC,2020-06-09,976,37362,88,4403,2081,79256,10
MC,2020-06-10,921,38283,93,4496,2063,81319,10
MC,2020-06-11,857,39140,95,4591,2095,83414,10
MC,2020-06-12,905,40045,101,4692,2201,85615,10
MC,2020-06-13,377,40422,103,4795,904,86519,10
MC,2020-06-14,314,40736,87,4882,684,87203,10
MC,2020-06-15,895,41631,65,4947,2309,89512,10
MC,2020-06-16,964,42595,99,5046,2273,91785,10
MC,2020-06-17,907,43502,91,5137,2251,94036,10
MC,2020-06-18,889,44391,85,5222,2119,96155,10
MC,2020-06-19,858,45249,79,5301,2073,98228,10
MC,2020-06-20,411,45660,59,5360,905,99133,10
MC,2020-06-21,252,45912,77,5437,551,99684,10
MC,2020-06-22,810,46722,58,5495,1872,101556,10
MC,2020-06-23,861,47583,61,5556,2119,103675,10
MC,2020-06-24,788,48371,52,5608,1995,105670,10
MC,2020-06-25,803,49174,46,5654,2095,107765,10
MC,2020-06-26,857,50031,62,5716,2125,109890,10
MC,2020-06-27,350,50381,69,5785,800,110690,10
MC,2020-06-28,278,50659,53,5838,631,111321,10
MC,2020-06-29,922,51581,44,5882,2453,113774,10
MC,2020-06-30,872,52453,59,5941,2219,115993,10
MC,2020-07-01,942,53395,71,6012,2410,118403,10
MC,2020-07-02,827,54222,55,6067,2139,120542,10
MC,2020-07-03,894,55116,57,6124,2499,123041,10
MC,2020-07-04,342,55458,60,6184,841,123882,10
MC,2020-07-05,209,55667,53,6237,624,124506,10
MC,2020-07-06,928,56595,60,6297,2482,126988,10
MC,2020-07-07,901,57496,61,6358,2421,129409,10
MC,2020-07-08,868,58364,42,6400,2424,131833,10
MC,2020-07-09,699,59063,43,6443,2226,134059,10
MC,2020-07-10,803,59866,34,6477,2376,136435,10
MC,2020-07-11,343,60209,48,6525,901,137336,10
MC,2020-07-12,229,60438,56,6581,551,137887,10
MC,2020-07-13,1000,61438,39,6620,2615,140502,10
MC,2020-07-14,842,62280,56,6676,2488,142990,10
MC,2020-07-15,1121,63401,53,6729,3604,146594,10
MC,2020-07-16,1035,64436,42,6771,3365,149959,10
MC,2020-07-17,1072,65508,41,6812,3585,153544,10
MC,2020-07-18,589,66097,49,6861,1681,155225,10
MC,2020-07-19,227,66324,44,6905,622,155847,10
MC,2020-07-20,1039,67363,39,6944,3097,158944,10
MC,2020-07-21,1012,68375,38,6982,2871,161815,10
MC,2020-07-22,1090,69465,25,7007,3032,164847,10
MC,2020-07-23,981,70446,34,7041,2820,167667,10
MC,2020-07-24,921,71367,27,7068,2952,170619,10
MC,2020-07-25,439,71806,41,7109,1293,171912,10
MC,2020-07-26,204,72010,33,7142,571,172483,10
MC,2020-07-27,853,72863,28,7170,2365,174848,10
MC,2020-07-28,826,73689,23,7193,2576,177424,10
MC,2020-07-29,690,74379,23,7216,2283,179707,10
MC,2020-07-30,419,74798,30,7246,1375,181082,10
MC,2020-07-31,89,74887,14,7260,253,181335,10
MC,2020-08-01,3,74890,3,7263,4,181339,10
Mexico,2019-12-31,0,0,0,0,0,0,0
Mexico,2020-01-01,0,0,0,0,0,0,0
Mexico,2020-01-02,0,0,0,0,1,1,0
Mexico,2020-01-03,0,0,0,0,1,2,0
Mexico,2020-01-04,0,0,0,0,1,3,0
Mexico,2020-01-05,0,0,0,0,3,6,0
Mexico,2020-01-06,0,0,0,0,1,7,0
Mexico,2020-01-07,0,0,0,0,5,12,0
Mexico,2020-01-08,0,0,0,0,1,13,0
Mexico,2020-01-09,0,0,0,0,6,19,0
Mexico,2020-01-10,0,0,0,0,7,26,0
Mexico,2020-01-11,0,0,0,0,0,26,0
Mexico,2020-01-12,0,0,0,0,1,27,0
Mexico,2020-01-13,0,0,0,0,2,29,0
Mexico,2020-01-14,0,0,0,0,5,34,0
Mexico,2020-01-15,0,0,0,0,2,36,0
Mexico,2020-01-16,0,0,0,0,5,41,0
Mexico,2020-01-17,0,0,0,0,1,42,0
Mexico,2020-01-18,0,0,0,0,1,43,0
Mexico,2020-01-19,0,0,0,0,1,44,0
Mexico,2020-01-20,0,0,0,0,7,51,0
Mexico,2020-01-21,0,0,0,0,4,55,0
Mexico,2020-01-22,0,0,0,0,8,63,0
Mexico,2020-01-23,0,0,0,0,1,64,0
Mexico,2020-01-24,0,0,0,0,3,67,0
Mexico,2020-01-25,0,0,0,0,0,67,0
Mexico,2020-01-26,0,0,0,0,3,70,0
Mexico,2020-01-27,0,0,0,0,2,72,0
Mexico,2020-01-28,0,0,0,0,2,74,0
Mexico,2020-01-29,0,0,0,0,3,77,0
Mexico,2020-01-30,0,0,0,0,1,78,0
Mexico,2020-01-31,0,0,0,0,1,79,0
Mexico,2020-02-01,0,0,0,0,0,79,0
Mexico,2020-02-02,0,0,0,0,1,80,0
Mexico,2020-02-03,0,0,0,0,0,80,0
Mexico,2020-02-04,0,0,0,0,6,86,0
Mexico,2020-02-05,0,0,0,0,3,89,0
Mexico,2020-02-06,0,0,0,0,5,94,0
Mexico,2020-02-07,0,0,0,0,2,96,0
Mexico,2020-02-08,0,0,0,0,0,96,0
Mexico,2020-02-09,0,0,0,0,0,96,0
Mexico,2020-02-10,0,0,0,0,2,98,0
Mexico,2020-02-11,0,0,0,0,4,102,0
Mexico,2020-02-12,0,0,0,0,3,105,0
Mexico,2020-02-13,0,0,0,0,3,108,0
Mexico,2020-02-14,0,0,0,0,2,110,0
Mexico,2020-02-15,0,0,0,0,0,110,0
Mexico,2020-02-16,0,0,0,0,0,110,0
Mexico,2020-02-17,0,0,0,0,2,112,0
Mexico,2020-02-18,0,0,0,0,0,112,0
Mexico,2020-02-19,0,0,0,0,0,112,0
Mexico,2020-02-20,0,0,0,0,1,113,0
Mexico,2020-02-21,0,0,0,0,3,116,0
Mexico,2020-02-22,0,0,0,0,0,116,0
Mexico,2020-02-23,0,0,0,0,1,117,0
Mexico,2020-02-24,0,0,0,0,2,119,0
Mexico,2020-02-25,0,0,0,0,6,125,10
Mexico,2020-02-26,0,0,0,0,4,129,10
Mexico,2020-02-27,0,0,0,0,2,131,10
Mexico,2020-02-28,1,1,0,0,5,136,10
Mexico,2020-02-29,0,1,0,0,2,138,10
Mexico,2020-03-01,0,1,0,0,3,141,10
Mexico,2020-03-02,1,2,0,0,10,151,10
Mexico,2020-03-03,0,2,0,0,12,163,10
Mexico,2020-03-04,2,4,0,0,11,174,10
Mexico,2020-03-05,0,4,0,0,4,178,10
Mexico,2020-03-06,0,4,0,0,7,185,10
Mexico,2020-03-07,0,4,0,0,1,186,10
Mexico,2020-03-08,2,6,0,0,7,193,10
Mexico,2020-03-09,1,7,0,0,8,201,10
Mexico,2020-03-10,2,9,0,0,11,212,10
Mexico,2020-03-11,2,11,0,0,15,227,10
Mexico,2020-03-12,3,14,0,0,14,241,10
Mexico,2020-03-13,12,26,0,0,36,277,10
Mexico,2020-03-14,4,30,0,0,19,296,10
Mexico,2020-03-15,10,40,0,0,19,315,10
Mexico,2020-03-16,6,46,0,0,24,339,10
Mexico,2020-03-17,7,53,0,0,50,389,10
Mexico,2020-03-18,6,59,1,1,27,416,10
Mexico,2020-03-19,13,72,0,1,57,473,10
Mexico,2020-03-20,10,82,0,1,40,513,10
Mexico,2020-03-21,5,87,0,1,30,543,10
Mexico,2020-03-22,5,92,0,1,19,562,10
Mexico,2020-03-23,15,107,0,1,80,642,10
Mexico,2020-03-24,23,130,0,1,96,738,10
Mexico,2020-03-25,25,155,0,1,105,843,10
Mexico,2020-03-26,27,182,0,1,107,950,10
Mexico,2020-03-27,43,225,0,1,188,1138,10
Mexico,2020-03-28,27,252,4,5,92,1230,10
Mexico,2020-03-29,18,270,1,6,82,1312,10
Mexico,2020-03-30,53,323,1,7,231,1543,10
Mexico,2020-03-31,34,357,2,9,158,1701,10
Mexico,2020-04-01,50,407,1,10,180,1881,10
Mexico,2020-04-02,49,456,5,15,178,2059,10
Mexico,2020-04-03,50,506,3,18,205,2264,10
Mexico,2020-04-04,34,540,5,23,139,2403,10
Mexico,2020-04-05,41,581,5,28,91,2494,10
Mexico,2020-04-06,84,665,4,32,215,2709,10
Mexico,2020-04-07,73,738,10,42,240,2949,10
Mexico,2020-04-08,89,827,6,48,255,3204,10
Mexico,2020-04-09,62,889,5,53,152,3356,10
Mexico,2020-04-10,92,981,7,60,213,3569,10
Mexico,2020-04-11,78,1059,13,73,146,3715,10
Mexico,2020-04-12,84,1143,17,90,146,3861,10
Mexico,2020-04-13,154,1297,19,109,388,4249,10
Mexico,2020-04-14,159,1456,16,125,374,4623,10
Mexico,2020-04-15,182,1638,18,143,373,4996,10
Mexico,2020-04-16,187,1825,16,159,351,5347,10
Mexico,2020-04-17,157,1982,22,181,338,5685,10
Mexico,2020-04-18,159,2141,28,209,242,5927,10
Mexico,2020-04-19,153,2294,27,236,245,6172,10
Mexico,2020-04-20,261,2555,34,270,489,6661,10
Mexico,2020-04-21,275,2830,35,305,461,7122,10
Mexico,2020-04-22,248,3078,38,343,443,7565,10
Mexico,2020-04-23,265,3343,35,378,447,8012,10
Mexico,2020-04-24,304,3647,47,425,570,8582,10
Mexico,2020-04-25,194,3841,43,468,320,8902,10
Mexico,2020-04-26,207,4048,67,535,302,9204,10
Mexico,2020-04-27,352,4400,50,585,581,9785,10
Mexico,2020-04-28,339,4739,55,640,604,10389,10
Mexico,2020-04-29,319,5058,65,705,654,11043,10
Mexico,2020-04-30,300,5358,62,767,747,11790,10
Mexico,2020-05-01,274,5632,74,841,566,12356,10
Mexico,2020-05-02,232,5864,63,904,524,12880,10
Mexico,2020-05-03,247,6111,61,965,519,13399,10
Mexico,2020-05-04,489,6600,90,1055,1109,14508,10
Mexico,2020-05-05,345,6945,63,1118,855,15363,10
Mexico,2020-05-06,344,7289,55,1173,1042,16405,10
Mexico,2020-05-07,436,7725,66,1239,1054,17459,10
Mexico,2020-05-08,423,8148,60,1299,1155,18614,10
Mexico,2020-05-09,256,8404,61,1360,538,19152,10
Mexico,2020-05-10,244,8648,64,1424,477,19629,10
Mexico,2020-05-11,570,9218,67,1491,1312,20941,10
Mexico,2020-05-12,530,9748,57,1548,1284,22225,10
Mexico,2020-05-13,578,10326,82,1630,1162,23387,10
Mexico,2020-05-14,515,10841,74,1704,1059,24446,10
Mexico,2020-05-15,603,11444,89,1793,1121,25567,10
Mexico,2020-05-16,354,11798,87,1880,576,26143,10
Mexico,2020-05-17,308,12106,101,1981,467,26610,10
Mexico,2020-05-18,679,12785,90,2071,1220,27830,10
Mexico,2020-05-19,571,13356,99,2170,1021,28851,10
Mexico,2020-05-20,607,13963,82,2252,1262,30113,10
Mexico,2020-05-21,644,14607,99,2351,1152,31265,10
Mexico,2020-05-22,684,15291,95,2446,1317,32582,10
Mexico,2020-05-23,313,15604,83,2529,510,33092,10
Mexico,2020-05-24,345,15949,103,2632,528,33620,10
Mexico,2020-05-25,795,16744,93,2725,1432,35052,10
Mexico,2020-05-26,684,17428,108,2833,1204,36256,10
Mexico,2020-05-27,757,18185,90,2923,1410,37666,10
Mexico,2020-05-28,681,18866,89,3012,1272,38938,10
Mexico,2020-05-29,688,19554,97,3109,1297,40235,10
Mexico,2020-05-30,391,19945,102,3211,668,40903,10
Mexico,2020-05-31,333,20278,108,3319,519,41422,10
Mexico,2020-06-01,834,21112,104,3423,1454,42876,10
Mexico,2020-06-02,789,21901,98,3521,1342,44218,10
Mexico,2020-06-03,917,22818,118,3639,1623,45841,10
Mexico,2020-06-04,786,23604,106,3745,1385,47226,10
Mexico,2020-06-05,791,24395,99,3844,1453,48679,10
Mexico,2020-06-06,398,24793,103,3947,566,49245,10
Mexico,2020-06-07,413,25206,111,4058,571,49816,10
Mexico,2020-06-08,1043,26249,107,4165,1711,51527,10
Mexico,2020-06-09,872,27121,124,4289,1593,53120,10
Mexico,2020-06-10,875,27996,110,4399,1618,54738,10
Mexico,2020-06-11,729,28725,119,4518,1526,56264,10
Mexico,2020-06-12,714,29439,108,4626,1513,57777,10
Mexico,2020-06-13,368,29807,102,4728,653,58430,10
Mexico,2020-06-14,372,30179,104,4832,614,59044,10
Mexico,2020-06-15,857,31036,117,4949,1774,60818,10
Mexico,2020-06-16,829,31865,120,5069,1658,62476,10
Mexico,2020-06-17,753,32618,107,5176,1622,64098,10
Mexico,2020-06-18,731,33349,94,5270,1604,65702,10
Mexico,2020-06-19,715,34064,106,5376,1648,67350,10
Mexico,2020-06-20,365,34429,76,5452,680,68030,10
Mexico,2020-06-21,255,34684,80,5532,440,68470,10
Mexico,2020-06-22,729,35413,91,5623,1502,69972,10
Mexico,2020-06-23,653,36066,85,5708,1393,71365,10
Mexico,2020-06-24,673,36739,81,5789,1538,72903,10
Mexico,2020-06-25,562,37301,68,5857,1382,74285,10
Mexico,2020-06-26,667,37968,78,5935,1525,75810,10
Mexico,2020-06-27,271,38239,86,6021,586,76396,10
Mexico,2020-06-28,263,38502,85,6106,464,76860,10
Mexico,2020-06-29,794,39296,115,6221,1728,78588,10
Mexico,2020-06-30,618,39914,80,6301,1362,79950,10
Mexico,2020-07-01,821,40735,80,6381,1688,81638,10
Mexico,2020-07-02,639,41374,92,6473,1350,82988,10
Mexico,2020-07-03,662,42036,58,6531,1511,84499,10
Mexico,2020-07-04,320,42356,69,6600,638,85137,10
Mexico,2020-07-05,252,42608,79,6679,435,85572,10
Mexico,2020-07-06,710,43318,102,6781,1581,87153,10
Mexico,2020-07-07,635,43953,77,6858,1458,88611,10
Mexico,2020-07-08,640,44593,82,6940,1504,90115,10
Mexico,2020-07-09,495,45088,74,7014,1272,91387,10
Mexico,2020-07-10,651,45739,70,7084,1531,92918,10
Mexico,2020-07-11,242,45981,83,7167,592,93510,10
Mexico,2020-07-12,216,46197,66,7233,395,93905,10
Mexico,2020-07-13,643,46840,65,7298,1500,95405,10
Mexico,2020-07-14,544,47384,67,7365,1341,96746,10
Mexico,2020-07-15,672,48056,69,7434,1489,98235,10
Mexico,2020-07-16,576,48632,79,7513,1325,99560,10
Mexico,2020-07-17,563,49195,62,7575,1395,100955,10
Mexico,2020-07-18,260,49455,69,7644,508,101463,10
Mexico,2020-07-19,248,49703,79,7723,417,101880,10
Mexico,2020-07-20,702,50405,54,7777,1462,103342,10
Mexico,2020-07-21,683,51088,61,7838,1366,104708,10
Mexico,2020-07-22,623,51711,46,7884,1341,106049,10
Mexico,2020-07-23,477,52188,54,7938,1150,107199,10
Mexico,2020-07-24,431,52619,51,7989,1103,108302,10
Mexico,2020-07-25,139,52758,47,8036,371,108673,10
Mexico,2020-07-26,109,52867,57,8093,245,108918,10
Mexico,2020-07-27,362,53229,39,8132,858,109776,10
Mexico,2020-07-28,249,53478,31,8163,639,110415,10
Mexico,2020-07-29,134,53612,33,8196,315,110730,10
Mexico,2020-07-30,90,53702,27,8223,236,110966,10
Mexico,2020-07-31,33,53735,10,8233,70,111036,10
Guadalajara,2019-12-31,0,0,0,0,0,0,0
Guadalajara,2020-01-01,0,0,0,0,0,0,0
Guadalajara,2020-01-02,0,0,0,0,0,0,0
Guadalajara,2020-01-03,0,0,0,0,1,1,0
Guadalajara,2020-01-04,0,0,0,0,0,1,0
Guadalajara,2020-01-05,0,0,0,0,1,2,0
Guadalajara,2020-01-06,0,0,0,0,1,3,0
Guadalajara,2020-01-07,0,0,0,0,1,4,0
Guadalajara,2020-01-08,0,0,0,0,2,6,0
Guadalajara,2020-01-09,0,0,0,0,6,12,0
Guadalajara,2020-01-10,0,0,0,0,7,19,0
Guadalajara,2020-01-11,0,0,0,0,0,19,0
Guadalajara,2020-01-12,0,0,0,0,2,21,0
Guadalajara,2020-01-13,0,0,0,0,6,27,0
Guadalajara,2020-01-14,0,0,0,0,5,32,0
Guadalajara,2020-01-15,0,0,0,0,6,38,0
Guadalajara,2020-01-16,0,0,0,0,5,43,0
Guadalajara,2020-01-17,0,0,0,0,7,50,0
Guadalajara,2020-01-18,0,0,0,0,3,53,0
Guadalajara,2020-01-19,0,0,0,0,0,53,0
Guadalajara,2020-01-20,0,0,0,0,8,61,0
Guadalajara,2020-01-21,0,0,0,0,6,67,0
Guadalajara,2020-01-22,0,0,0,0,6,73,0
Guadalajara,2020-01-23,0,0,0,0,4,77,0
Guadalajara,2020-01-24,0,0,0,0,1,78,0
Guadalajara,2020-01-25,0,0,0,0,2,80,0
Guadalajara,2020-01-26,0,0,0,0,3,83,0
Guadalajara,2020-01-27,0,0,0,0,4,87,0
Guadalajara,2020-01-28,0,0,0,0,1,88,0
Guadalajara,2020-01-29,0,0,0,0,5,93,0
Guadalajara,2020-01-30,0,0,0,0,4,97,0
Guadalajara,2020-01-31,0,0,0,0,4,101,0
Guadalajara,2020-02-01,0,0,0,0,0,101,0
Guadalajara,2020-02-02,0,0,0,0,1,102,0
Guadalajara,2020-02-03,0,0,0,0,2,104,0
Guadalajara,2020-02-04,0,0,0,0,2,106,0
Guadalajara,2020-02-05,0,0,0,0,4,110,0
Guadalajara,2020-02-06,0,0,0,0,4,114,0
Guadalajara,2020-02-07,0,0,0,0,0,114,0
Guadalajara,2020-02-08,0,0,0,0,1,115,0
Guadalajara,2020-02-09,0,0,0,0,1,116,0
Guadalajara,2020-02-10,0,0,0,0,3,119,0
Guadalajara,2020-02-11,0,0,0,0,2,121,0
Guadalajara,2020-02-12,0,0,0,0,3,124,0
Guadalajara,2020-02-13,0,0,0,0,7,131,0
Guadalajara,2020-02-14,0,0,0,0,2,133,0
Guadalajara,2020-02-15,0,0,0,0,0,133,0
Guadalajara,2020-02-16,0,0,0,0,0,133,0
Guadalajara,2020-02-17,0,0,0,0,2,135,0
Guadalajara,2020-02-18,0,0,0,0,1,136,0
Guadalajara,2020-02-19,0,0,0,0,3,139,0
Guadalajara,2020-02-20,0,0,0,0,2,141,0
Guadalajara,2020-02-21,0,0,0,0,3,144,0
Guadalajara,2020-02-22,0,0,0,0,1,145,0
Guadalajara,2020-02-23,0,0,0,0,0,145,0
Guadalajara,2020-02-24,0,0,0,0,2,147,0
Guadalajara,2020-02-25,0,0,0,0,0,147,10
Guadalajara,2020-02-26,0,0,0,0,2,149,10
Guadalajara,2020-02-27,0,0,0,0,2,151,10
Guadalajara,2020-02-28,0,0,0,0,1,152,10
Guadalajara,2020-02-29,0,0,0,0,2,154,10
Guadalajara,2020-03-01,0,0,0,0,1,155,10
Guadalajara,2020-03-02,0,0,0,0,5,160,10
Guadalajara,2020-03-03,0,0,0,0,2,162,10
Guadalajara,2020-03-04,0,0,0,0,2,164,10
Guadalajara,2020-03-05,0,0,0,0,2,166,10
Guadalajara,2020-03-06,0,0,0,0,1,167,10
Guadalajara,2020-03-07,0,0,0,0,0,167,10
Guadalajara,2020-03-08,0,0,0,0,1,168,10
Guadalajara,2020-03-09,0,0,0,0,1,169,10
Guadalajara,2020-03-10,0,0,0,0,3,172,10
Guadalajara,2020-03-11,1,1,0,0,3,175,10
Guadalajara,2020-03-12,1,2,0,0,3,178,10
Guadalajara,2020-03-13,0,2,0,0,6,184,10
Guadalajara,2020-03-14,2,4,0,0,3,187,10
Guadalajara,2020-03-15,2,6,0,0,3,190,10
Guadalajara,2020-03-16,6,12,0,0,10,200,10
Guadalajara,2020-03-17,3,15,0,0,13,213,10
Guadalajara,2020-03-18,3,18,0,0,20,233,10
Guadalajara,2020-03-19,6,24,0,0,26,259,10
Guadalajara,2020-03-20,3,27,1,1,13,272,10
Guadalajara,2020-03-21,0,27,0,1,3,275,10
Guadalajara,2020-03-22,0,27,0,1,8,283,10
Guadalajara,2020-03-23,0,27,0,1,31,314,10
Guadalajara,2020-03-24,0,27,0,1,25,339,10
Guadalajara,2020-03-25,1,28,0,1,42,381,10
Guadalajara,2020-03-26,5,33,0,1,24,405,10
Guadalajara,2020-03-27,3,36,0,1,40,445,10
Guadalajara,2020-03-28,0,36,0,1,14,459,10
Guadalajara,2020-03-29,1,37,0,1,18,477,10
Guadalajara,2020-03-30,3,40,0,1,38,515,10
Guadalajara,2020-03-31,2,42,0,1,33,548,10
Guadalajara,2020-04-01,1,43,0,1,30,578,10
Guadalajara,2020-04-02,3,46,0,1,32,610,10
Guadalajara,2020-04-03,4,50,0,1,43,653,10
Guadalajara,2020-04-04,0,50,0,1,19,672,10
Guadalajara,2020-04-05,0,50,0,1,17,689,10
Guadalajara,2020-04-06,2,52,0,1,35,724,10
Guadalajara,2020-04-07,1,53,0,1,43,767,10
Guadalajara,2020-04-08,5,58,0,1,37,804,10
Guadalajara,2020-04-09,0,58,0,1,16,820,10
Guadalajara,2020-04-10,3,61,1,2,19,839,10
Guadalajara,2020-04-11,0,61,0,2,21,860,10
Guadalajara,2020-04-12,1,62,0,2,8,868,10
Guadalajara,2020-04-13,4,66,0,2,35,903,10
Guadalajara,2020-04-14,2,68,0,2,30,933,10
Guadalajara,2020-04-15,1,69,0,2,25,958,10
Guadalajara,2020-04-16,2,71,1,3,30,988,10
Guadalajara,2020-04-17,3,74,0,3,36,1024,10
Guadalajara,2020-04-18,1,75,0,3,25,1049,10
Guadalajara,2020-04-19,1,76,0,3,8,1057,10
Guadalajara,2020-04-20,0,76,0,3,60,1117,10
Guadalajara,2020-04-21,8,84,0,3,57,1174,10
Guadalajara,2020-04-22,2,86,0,3,55,1229,10
Guadalajara,2020-04-23,4,90,0,3,47,1276,10
Guadalajara,2020-04-24,7,97,2,5,74,1350,10
Guadalajara,2020-04-25,3,100,0,5,27,1377,10
Guadalajara,2020-04-26,3,103,0,5,17,1394,10
Guadalajara,2020-04-27,3,106,1,6,41,1435,10
Guadalajara,2020-04-28,2,108,0,6,26,1461,10
Guadalajara,2020-04-29,6,114,0,6,47,1508,10
Guadalajara,2020-04-30,5,119,2,8,26,1534,10
Guadalajara,2020-05-01,5,124,0,8,48,1582,10
Guadalajara,2020-05-02,11,135,3,11,37,1619,10
Guadalajara,2020-05-03,4,139,0,11,15,1634,10
Guadalajara,2020-05-04,13,152,1,12,67,1701,10
Guadalajara,2020-05-05,3,155,1,13,26,1727,10
Guadalajara,2020-05-06,4,159,3,16,48,1775,10
Guadalajara,2020-05-07,15,174,1,17,57,1832,10
Guadalajara,2020-05-08,8,182,0,17,54,1886,10
Guadalajara,2020-05-09,8,190,1,18,46,1932,10
Guadalajara,2020-05-10,9,199,2,20,28,1960,10
Guadalajara,2020-05-11,11,210,1,21,79,2039,10
Guadalajara,2020-05-12,7,217,3,24,43,2082,10
Guadalajara,2020-05-13,10,227,1,25,55,2137,10
Guadalajara,2020-05-14,17,244,1,26,70,2207,10
Guadalajara,2020-05-15,11,255,3,29,88,2295,10
Guadalajara,2020-05-16,7,262,5,34,52,2347,10
Guadalajara,2020-05-17,13,275,3,37,38,2385,10
Guadalajara,2020-05-18,22,297,2,39,87,2472,10
Guadalajara,2020-05-19,18,315,0,39,52,2524,10
Guadalajara,2020-05-20,22,337,1,40,78,2602,10
Guadalajara,2020-05-21,22,359,2,42,100,2702,10
Guadalajara,2020-05-22,25,384,0,42,90,2792,10
Guadalajara,2020-05-23,13,397,3,45,47,2839,10
Guadalajara,2020-05-24,20,417,1,46,40,2879,10
Guadalajara,2020-05-25,31,448,3,49,112,2991,10
Guadalajara,2020-05-26,31,479,0,49,98,3089,10
Guadalajara,2020-05-27,49,528,2,51,109,3198,10
Guadalajara,2020-05-28,39,567,1,52,121,3319,10
Guadalajara,2020-05-29,60,627,2,54,137,3456,10
Guadalajara,2020-05-30,40,667,6,60,95,3551,10
Guadalajara,2020-05-31,26,693,3,63,49,3600,10
Guadalajara,2020-06-01,75,768,6,69,148,3748,10
Guadalajara,2020-06-02,48,816,6,75,131,3879,10
Guadalajara,2020-06-03,70,886,8,83,151,4030,10
Guadalajara,2020-06-04,52,938,11,94,130,4160,10
Guadalajara,2020-06-05,64,1002,7,101,159,4319,10
Guadalajara,2020-06-06,39,1041,8,109,86,4405,10
Guadalajara,2020-06-07,22,1063,13,122,44,4449,10
Guadalajara,2020-06-08,92,1155,4,126,172,4621,10
Guadalajara,2020-06-09,76,1231,11,137,158,4779,10
Guadalajara,2020-06-10,80,1311,8,145,172,4951,10
Guadalajara,2020-06-11,75,1386,9,154,166,5117,10
Guadalajara,2020-06-12,53,1439,11,165,141,5258,10
Guadalajara,2020-06-13,33,1472,4,169,76,5334,10
Guadalajara,2020-06-14,33,1505,12,181,55,5389,10
Guadalajara,2020-06-15,91,1596,9,190,169,5558,10
Guadalajara,2020-06-16,67,1663,8,198,142,5700,10
Guadalajara,2020-06-17,84,1747,5,203,181,5881,10
Guadalajara,2020-06-18,90,1837,6,209,181,6062,10
Guadalajara,2020-06-19,61,1898,12,221,124,6186,10
Guadalajara,2020-06-20,39,1937,12,233,101,6287,10
Guadalajara,2020-06-21,34,1971,18,251,50,6337,10
Guadalajara,2020-06-22,74,2045,12,263,151,6488,10
Guadalajara,2020-06-23,91,2136,10,273,176,6664,10
Guadalajara,2020-06-24,75,2211,9,282,148,6812,10
Guadalajara,2020-06-25,73,2284,16,298,147,6959,10
Guadalajara,2020-06-26,72,2356,6,304,176,7135,10
Guadalajara,2020-06-27,52,2408,14,318,93,7228,10
Guadalajara,2020-06-28,34,2442,11,329,56,7284,10
Guadalajara,2020-06-29,59,2501,13,342,152,7436,10
Guadalajara,2020-06-30,92,2593,11,353,174,7610,10
Guadalajara,2020-07-01,66,2659,14,367,166,7776,10
Guadalajara,2020-07-02,54,2713,2,369,148,7924,10
Guadalajara,2020-07-03,63,2776,12,381,132,8056,10
Guadalajara,2020-07-04,42,2818,16,397,99,8155,10
Guadalajara,2020-07-05,32,2850,9,406,49,8204,10
Guadalajara,2020-07-06,74,2924,10,416,190,8394,10
Guadalajara,2020-07-07,79,3003,12,428,178,8572,10
Guadalajara,2020-07-08,58,3061,11,439,176,8748,10
Guadalajara,2020-07-09,73,3134,12,451,176,8924,10
Guadalajara,2020-07-10,77,3211,9,460,153,9077,10
Guadalajara,2020-07-11,43,3254,13,473,92,9169,10
Guadalajara,2020-07-12,44,3298,9,482,67,9236,10
Guadalajara,2020-07-13,106,3404,11,493,237,9473,10
Guadalajara,2020-07-14,102,3506,8,501,224,9697,10
Guadalajara,2020-07-15,90,3596,8,509,220,9917,10
Guadalajara,2020-07-16,82,3678,6,515,196,10113,10
Guadalajara,2020-07-17,94,3772,11,526,206,10319,10
Guadalajara,2020-07-18,48,3820,15,541,94,10413,10
Guadalajara,2020-07-19,34,3854,9,550,65,10478,10
Guadalajara,2020-07-20,104,3958,9,559,244,10722,10
Guadalajara,2020-07-21,97,4055,6,565,227,10949,10
Guadalajara,2020-07-22,92,4147,6,571,185,11134,10
Guadalajara,2020-07-23,54,4201,10,581,118,11252,10
Guadalajara,2020-07-24,69,4270,7,588,127,11379,10
Guadalajara,2020-07-25,33,4303,11,599,66,11445,10
Guadalajara,2020-07-26,27,4330,7,606,36,11481,10
Guadalajara,2020-07-27,49,4379,2,608,96,11577,10
Guadalajara,2020-07-28,48,4427,9,617,113,11690,10
Guadalajara,2020-07-29,61,4488,3,620,128,11818,10
Guadalajara,2020-07-30,63,4551,14,634,127,11945,10
Guadalajara,2020-07-31,36,4587,5,639,93,12038,10
Guadalajara,2020-08-01,6,4593,8,647,21,12059,10
