location,date,cum_infections,new_diagnoses,cum_deaths,new_deaths,new_tests,cum_tests,imported_cases,
SP,2020-02-27,1,1,0,0,0,0,150,
SP,2020-02-28,21,20,0,0,56,56,149,
SP,2020-02-29,41,20,0,0,56,112,148,
SP,2020-03-01,61,20,0,0,56,168,147,
SP,2020-03-02,81,20,0,0,56,224,146,
SP,2020-03-03,101,20,0,0,56,280,145,
SP,2020-03-04,121,20,0,0,56,336,144,
SP,2020-03-05,141,20,0,0,56,392,143,
SP,2020-03-06,161,20,0,0,56,448,142,
SP,2020-03-07,181,20,0,0,56,504,141,
SP,2020-03-08,201,20,0,0,56,560,140,
SP,2020-03-09,221,20,0,0,56,616,139,
SP,2020-03-10,241,20,0,0,56,672,138,
SP,2020-03-11,261,20,0,0,56,728,137,
SP,2020-03-12,281,20,0,0,56,784,136,
SP,2020-03-13,301,20,0,0,56,840,135,
SP,2020-03-14,321,20,0,0,56,896,134,
SP,2020-03-15,341,20,0,0,56,952,133,
SP,2020-03-16,361,20,0,0,56,1008,132,
SP,2020-03-17,381,20,1,1,56,1064,131,
SP,2020-03-18,401,20,5,4,56,1120,130,
SP,2020-03-19,421,20,9,4,56,1176,129,
SP,2020-03-20,441,20,13,4,56,1232,128,
SP,2020-03-21,461,20,17,4,56,1288,127,
SP,2020-03-22,481,20,21,4,56,1344,126,
SP,2020-03-23,501,20,25,4,56,1400,125,
SP,2020-03-24,521,20,29,4,56,1456,124,
SP,2020-03-25,541,20,33,4,56,1512,123,
SP,2020-03-26,561,20,37,4,56,1568,122,
SP,2020-03-27,574,574,38,1,1000,1624,121,
SP,2020-03-28,1149,575,76,38,1000,1692,120,
SP,2020-03-29,1183,34,89,13,1000,3384,119,
SP,2020-03-30,1233,50,103,14,1000,5076,118,
SP,2020-03-31,1885,652,121,18,1000,6768,117,
SP,2020-04-01,2418,533,144,23,1000,8460,116,
SP,2020-04-02,2815,397,164,20,1000,10152,115,
SP,2020-04-03,3202,387,186,22,1000,11844,114,
SP,2020-04-04,3496,294,212,26,1000,13536,113,
SP,2020-04-05,3612,116,220,8,1000,15228,112,
SP,2020-04-06,3754,142,244,24,1000,16920,111,
SP,2020-04-07,4258,504,296,52,1000,18612,110,
SP,2020-04-08,4946,688,339,43,1000,20304,109,
SP,2020-04-09,5477,531,384,45,1000,21996,108,
SP,2020-04-10,5982,505,409,25,1000,23688,107,
SP,2020-04-11,6131,149,422,13,1000,25380,106,
SP,2020-04-12,6352,221,445,23,1000,27072,105,
SP,2020-04-13,6418,66,456,11,1000,28764,104,
SP,2020-04-14,6705,287,512,56,2000,30456,103,
SP,2020-04-15,7764,1059,558,46,2000,32148,102,
SP,2020-04-16,7908,144,603,45,2000,33840,101,
SP,2020-04-17,8744,836,643,40,2000,35532,100,
SP,2020-04-18,9428,684,686,43,2000,37224,99,
SP,2020-04-19,9668,240,700,14,2000,38916,98,
SP,2020-04-20,9815,147,715,15,2000,40608,97,
SP,2020-04-21,10342,527,753,38,2000,42300,96,
SP,2020-04-22,10691,349,778,25,2000,43992,95,
SP,2020-04-23,11225,534,912,134,2000,45684,94,
SP,2020-04-24,11800,575,1010,98,2000,47376,93,
SP,2020-04-25,13098,1298,1099,89,2000,49068,92,
SP,2020-04-26,13513,415,1114,15,2000,50760,91,
SP,2020-04-27,13989,476,1172,58,2000,52452,90,
SP,2020-04-28,15397,1408,1321,149,2000,54144,89,
SP,2020-04-29,16638,1241,1439,118,2000,55836,88,
SP,2020-04-30,18149,1511,1522,83,2000,57528,87,
SP,2020-05-01,19087,938,1607,85,2000,59220,86,
SP,2020-05-02,19494,407,1661,54,2000,60912,85,
SP,2020-05-03,19822,328,1673,12,2000,62604,84,
SP,2020-05-04,20073,251,1683,10,3000,64296,83,
SP,2020-05-05,21140,1067,1801,118,3000,65988,82,
SP,2020-05-06,23187,2047,1910,109,3000,67680,81,
SP,2020-05-07,24273,1086,1986,76,3000,69372,80,
SP,2020-05-08,25366,1093,2110,124,3000,71064,79,
SP,2020-05-09,26787,1421,2223,113,3000,72756,78,
SP,2020-05-10,27307,520,2266,43,3000,74448,77,
SP,2020-05-11,27771,464,2283,17,3000,76140,76,
SP,2020-05-12,28682,911,2407,124,3000,77832,75,
SP,2020-05-13,30402,1720,2496,89,3000,79524,74,
SP,2020-05-14,31873,1471,2596,100,3000,81216,73,
SP,2020-05-15,33992,2119,2674,78,3000,82908,72,
SP,2020-05-16,35429,1437,2792,118,3000,84600,71,
SP,2020-05-17,35931,502,2835,43,3000,86292,70,
SP,2020-05-18,36188,257,2856,21,3000,87984,69,
SP,2020-05-19,37640,1452,3029,173,3000,89676,68,
SP,2020-05-20,39466,1826,3135,106,3000,91368,67,
SP,2020-05-21,41451,1985,3238,103,3000,93060,66,
SP,2020-05-22,42973,1522,3352,114,3000,94752,65,
SP,2020-05-23,44887,1914,3491,139,3000,96444,64,
SP,2020-05-24,45527,640,3534,43,3000,98136,63,
SP,2020-05-25,46204,677,3555,21,6000,99828,62,
SP,2020-05-26,47554,1350,3691,136,6000,101520,61,
SP,2020-05-27,49264,1710,3826,135,6000,103212,60,
SP,2020-05-28,52719,3455,3958,132,6000,104904,59,
SP,2020-05-29,55741,3022,4116,158,6000,106596,58,
SP,2020-05-30,58619,2878,4239,123,6000,108288,57,
SP,2020-05-31,60131,1512,4280,41,6000,109980,56,
SP,2020-06-01,61126,995,4304,24,6000,111672,55,
SP,2020-06-02,64443,3317,4443,139,6000,113364,54,
SP,2020-06-03,66777,2334,4564,121,6000,115056,53,
SP,2020-06-04,69347,2570,4674,110,6000,116748,52,
SP,2020-06-05,71453,2106,4805,131,6000,118440,51,
SP,2020-06-06,73861,2408,4901,96,6000,120132,50,
SP,2020-06-07,74796,935,4920,19,6000,121824,49,
SP,2020-06-08,75699,903,4937,17,6000,123516,48,
SP,2020-06-09,78026,2327,5073,136,6000,125208,47,
SP,2020-06-10,80457,2431,5232,159,6000,126900,46,
SP,2020-06-11,83076,2619,5357,125,6000,128592,45,
SP,2020-06-12,85622,2546,5480,123,6000,130284,44,
SP,2020-06-13,88025,2403,5599,119,6000,131976,43,
SP,2020-06-14,91198,3173,5623,24,6000,133668,42,
SP,2020-06-15,93448,2250,5652,29,6000,135360,41,
SP,2020-06-16,97676,4228,5819,167,6000,137052,40,
SP,2020-06-17,98132,456,5959,140,6000,138744,39,
SP,2020-06-18,98530,398,6097,138,6000,140436,38,
SP,2020-06-19,105407,6877,6255,158,6000,142128,37,
SP,2020-06-20,105591,184,6371,116,6000,143820,36,
SP,2020-06-21,106540,949,6387,16,6000,145512,35,
SP,2020-06-22,107731,1191,6404,17,6000,147204,34,
SP,2020-06-23,110214,2483,6583,179,6000,148896,33,
SP,2020-06-24,113261,3047,6675,92,6000,150588,32,
SP,2020-06-25,117311,4050,6794,119,6000,152280,31,
SP,2020-06-26,121163,3852,6880,86,6000,153972,30,
SP,2020-06-27,122759,1596,6982,102,6000,155664,29,
SP,2020-06-28,124105,1346,7003,21,6000,157356,28,
SP,2020-06-29,125012,907,7026,23,6000,159048,27,
SP,2020-06-30,127119,2107,7162,136,6000,160727,27,
SP,2020-07-01,129328,2209,7258,96,6000,166727,27,
SP,2020-07-02,134984,5656,7370,112,6000,172727,27,
SP,2020-07-03,137074,2090,7479,109,6000,178727,27,
SP,2020-07-04,137762,688,7597,118,6000,184727,27,
SP,2020-07-05,139871,2109,7621,24,6000,190727,27,
Rio,2020-02-27,1,1,0,0,0,0,150,
Rio,2020-02-28,17,16,0,0,56,472,149,
Rio,2020-02-29,33,16,0,0,56,944,148,
Rio,2020-03-01,49,16,0,0,56,1416,147,
Rio,2020-03-02,65,16,0,0,56,1888,146,
Rio,2020-03-03,81,16,0,0,56,2360,145,
Rio,2020-03-04,97,16,0,0,56,2832,144,
Rio,2020-03-05,113,16,0,0,56,3304,143,
Rio,2020-03-06,129,16,0,0,56,3776,142,
Rio,2020-03-07,145,16,0,0,56,4248,141,
Rio,2020-03-08,161,16,0,0,56,4720,140,
Rio,2020-03-09,177,16,0,0,56,5192,139,
Rio,2020-03-10,193,16,0,0,56,5664,138,
Rio,2020-03-11,209,16,0,0,56,6136,137,
Rio,2020-03-12,225,16,0,0,56,6608,136,
Rio,2020-03-13,241,16,0,0,56,7080,135,
Rio,2020-03-14,257,16,0,0,56,7552,134,
Rio,2020-03-15,273,16,0,0,56,8024,133,
Rio,2020-03-16,289,16,0,0,56,8496,132,
Rio,2020-03-17,305,16,1,1,56,8968,131,
Rio,2020-03-18,321,16,1,0,56,9440,130,
Rio,2020-03-19,337,16,1,0,56,9912,129,
Rio,2020-03-20,353,16,2,1,56,10384,128,
Rio,2020-03-21,369,16,3,1,56,10856,127,
Rio,2020-03-22,385,16,4,1,56,11328,126,
Rio,2020-03-23,401,16,5,1,56,11800,125,
Rio,2020-03-24,417,16,6,1,56,12272,124,
Rio,2020-03-25,433,16,7,1,56,12744,123,
Rio,2020-03-26,449,16,8,1,56,13216,122,
Rio,2020-03-27,465,16,9,1,500,13688,121,
Rio,2020-03-28,489,24,9,9,500,14160,120,
Rio,2020-03-29,516,27,13,4,500,14632,119,
Rio,2020-03-30,553,37,13,0,500,15104,118,
Rio,2020-03-31,586,33,18,5,500,15576,117,
Rio,2020-04-01,697,111,20,2,500,16048,116,
Rio,2020-04-02,798,101,31,11,500,16520,115,
Rio,2020-04-03,867,69,36,5,500,16992,114,
Rio,2020-04-04,982,115,38,2,500,17464,113,
Rio,2020-04-05,1068,86,42,4,500,17936,112,
Rio,2020-04-06,1110,42,47,5,500,18408,111,
Rio,2020-04-07,1251,141,59,12,500,18880,110,
Rio,2020-04-08,1449,198,73,14,500,19352,109,
Rio,2020-04-09,1633,184,82,9,500,19824,108,
Rio,2020-04-10,1808,175,92,10,500,20296,107,
Rio,2020-04-11,1905,97,98,6,500,20768,106,
Rio,2020-04-12,1996,91,106,8,500,21240,105,
Rio,2020-04-13,2322,326,115,9,500,21712,104,
Rio,2020-04-14,2393,71,140,25,500,22184,103,
Rio,2020-04-15,2519,126,167,27,500,22656,102,
Rio,2020-04-16,2659,140,195,28,500,23128,101,
Rio,2020-04-17,2946,287,219,24,500,23600,100,
Rio,2020-04-18,3059,113,237,18,1000,24072,99,
Rio,2020-04-19,3126,67,245,8,1000,24544,98,
Rio,2020-04-20,3243,117,257,12,1000,25016,97,
Rio,2020-04-21,3587,344,283,26,1000,25488,96,
Rio,2020-04-22,3656,69,303,20,1000,25960,95,
Rio,2020-04-23,4027,371,322,19,1000,26432,94,
Rio,2020-04-24,4091,64,347,25,1000,26904,93,
Rio,2020-04-25,4481,390,367,20,1000,27376,92,
Rio,2020-04-26,4498,17,382,15,1000,27848,91,
Rio,2020-04-27,5261,763,404,22,1000,28320,90,
Rio,2020-04-28,5554,293,456,52,1000,28792,89,
Rio,2020-04-29,5689,135,496,40,1000,29264,88,
Rio,2020-04-30,5903,214,535,39,1000,29736,87,
Rio,2020-05-01,6189,286,574,39,1000,30208,86,
Rio,2020-05-02,6448,259,603,29,1000,30680,85,
Rio,2020-05-03,6750,302,631,28,1000,31152,84,
Rio,2020-05-04,7283,533,670,39,1000,31624,83,
Rio,2020-05-05,7832,549,713,43,1000,32096,82,
Rio,2020-05-06,8577,745,764,51,1000,32568,81,
Rio,2020-05-07,9051,474,919,155,1000,33040,80,
Rio,2020-05-08,9672,621,1002,83,2000,33512,79,
Rio,2020-05-09,10479,807,1092,90,2000,33984,78,
Rio,2020-05-10,10520,41,1126,34,2000,34456,77,
Rio,2020-05-11,10619,99,1172,46,2000,34928,76,
Rio,2020-05-12,10816,197,1279,107,2000,35400,75,
Rio,2020-05-13,11026,210,1363,84,2000,35872,74,
Rio,2020-05-14,11264,238,1509,146,2000,36344,73,
Rio,2020-05-15,11715,451,1631,122,2000,36816,72,
Rio,2020-05-16,12295,580,1751,120,2000,37288,71,
Rio,2020-05-17,12921,626,1841,90,2000,37760,70,
Rio,2020-05-18,13443,522,1960,119,3000,38232,69,
Rio,2020-05-19,14531,1088,2135,175,3000,38704,68,
Rio,2020-05-20,17066,2535,2249,114,3000,39176,67,
Rio,2020-05-21,18743,1677,2376,127,3000,39648,66,
Rio,2020-05-22,20161,1418,2520,144,3000,40120,65,
Rio,2020-05-23,21043,882,2702,182,3000,40592,64,
Rio,2020-05-24,21775,732,2755,53,4500,41064,63,
Rio,2020-05-25,22466,691,2831,76,4500,41536,62,
Rio,2020-05-26,23290,824,2978,147,4500,42008,61,
Rio,2020-05-27,24750,1460,3135,157,4500,42480,60,
Rio,2020-05-28,25974,1224,3293,158,4500,42952,59,
Rio,2020-05-29,27311,1337,3430,137,4500,43424,58,
Rio,2020-05-30,28481,1170,3525,95,4500,43896,57,
Rio,2020-05-31,29157,676,3578,53,4500,44368,56,
Rio,2020-06-01,30014,857,3671,93,4500,44840,55,
Rio,2020-06-02,31204,1190,3828,157,4500,45312,54,
Rio,2020-06-03,32951,1747,4055,227,4500,45784,53,
Rio,2020-06-04,33695,744,4231,176,4500,46256,52,
Rio,2020-06-05,35043,1348,4309,78,4500,46728,51,
Rio,2020-06-06,35703,660,4401,92,4500,47200,50,
Rio,2020-06-07,36115,412,4462,61,4500,47672,49,
Rio,2020-06-08,36893,778,4516,54,4500,48144,48,
Rio,2020-06-09,37903,1010,4599,83,4500,48616,47,
Rio,2020-06-10,38960,1057,4716,117,4500,49088,46,
Rio,2020-06-11,40017,1057,4850,134,4500,49560,45,
Rio,2020-06-12,40504,487,4877,27,4500,50032,44,
Rio,2020-06-13,41411,907,4993,116,4500,50504,43,
Rio,2020-06-14,41768,357,5043,50,4500,50976,42,
Rio,2020-06-15,42385,617,5090,47,4500,51448,41,
Rio,2020-06-16,43874,1489,5239,149,4500,51920,40,
Rio,2020-06-17,45978,2104,5343,104,4500,52392,39,
Rio,2020-06-18,46255,277,5508,165,4500,52864,38,
Rio,2020-06-19,48753,2498,5632,124,4500,53336,37,
Rio,2020-06-20,50129,1376,5791,159,4500,53808,36,
Rio,2020-06-21,50430,301,5832,41,4500,54280,35,
Rio,2020-06-22,50922,492,5875,43,4500,54752,34,
Rio,2020-06-23,52325,1403,6000,125,4500,55224,33,
Rio,2020-06-24,53307,982,6087,87,4500,55696,32,
Rio,2020-06-25,54169,862,6161,74,4500,56168,31,
Rio,2020-06-26,55152,983,6264,103,4500,56640,30,
Rio,2020-06-27,55286,134,6366,102,4500,57112,29,
Rio,2020-06-28,56060,774,6393,27,4500,57584,28,
Rio,2020-06-29,56351,291,6417,24,4500,58056,27,
Rio,2020-06-30,56936,585,6550,133,4500,58546,27,
Rio,2020-07-01,57879,943,6618,68,4500,63046,27,
Rio,2020-07-02,58615,736,6689,71,4500,67546,27,
Rio,2020-07-03,59448,833,6791,102,4500,72046,27,
Rio,2020-07-04,60033,585,6869,78,4500,76546,27,
Rio,2020-07-05,60233,200,6898,29,4500,81046,27,
Nova Iguacu,2020-03-27,0,0,0,0,0,0,,
Nova Iguacu,2020-03-28,1,1,0,0,75,75,,
Nova Iguacu,2020-03-29,3,2,0,0,75,150,,
Nova Iguacu,2020-03-30,7,4,0,0,75,225,,
Nova Iguacu,2020-03-31,7,0,0,0,75,300,,
Nova Iguacu,2020-04-01,7,0,0,0,75,375,,
Nova Iguacu,2020-04-02,8,1,0,0,75,450,,
Nova Iguacu,2020-04-03,11,3,0,0,75,525,,
Nova Iguacu,2020-04-04,19,8,2,2,75,600,,
Nova Iguacu,2020-04-05,29,10,2,0,75,675,,
Nova Iguacu,2020-04-06,29,0,2,0,75,750,,
Nova Iguacu,2020-04-07,38,9,2,0,75,825,,
Nova Iguacu,2020-04-08,50,12,2,0,75,900,,
Nova Iguacu,2020-04-09,57,7,2,0,75,975,,
Nova Iguacu,2020-04-10,68,11,3,1,75,1050,,
Nova Iguacu,2020-04-11,73,5,3,0,75,1125,,
Nova Iguacu,2020-04-12,88,15,5,2,75,1200,,
Nova Iguacu,2020-04-13,96,8,5,0,75,1275,,
Nova Iguacu,2020-04-14,122,26,8,3,75,1350,,
Nova Iguacu,2020-04-15,150,28,11,3,75,1425,,
Nova Iguacu,2020-04-16,150,0,12,1,75,1500,,
Nova Iguacu,2020-04-17,159,9,12,0,100,1575,,
Nova Iguacu,2020-04-18,160,1,13,1,100,1650,,
Nova Iguacu,2020-04-19,171,11,13,0,100,1725,,
Nova Iguacu,2020-04-20,190,19,15,2,100,1800,,
Nova Iguacu,2020-04-21,196,6,17,2,100,1875,,
Nova Iguacu,2020-04-22,224,28,18,1,100,1950,,
Nova Iguacu,2020-04-23,264,40,19,1,100,2025,,
Nova Iguacu,2020-04-24,266,2,21,2,100,2100,,
Nova Iguacu,2020-04-25,283,17,23,2,100,2175,,
Nova Iguacu,2020-04-26,310,27,24,1,100,2250,,
Nova Iguacu,2020-04-27,312,2,24,0,100,2325,,
Nova Iguacu,2020-04-28,327,15,26,2,100,2400,,
Nova Iguacu,2020-04-29,339,12,30,4,100,2475,,
Nova Iguacu,2020-04-30,372,33,35,5,100,2550,,
Nova Iguacu,2020-05-01,403,31,38,3,100,2625,,
Nova Iguacu,2020-05-02,415,12,40,2,100,2700,,
Nova Iguacu,2020-05-03,435,20,44,4,100,2775,,
Nova Iguacu,2020-05-04,438,3,46,2,300,2850,,
Nova Iguacu,2020-05-05,443,5,49,3,300,2925,,
Nova Iguacu,2020-05-06,458,15,53,4,300,3000,,
Nova Iguacu,2020-05-07,494,36,56,3,300,3075,,
Nova Iguacu,2020-05-08,574,80,60,4,300,3150,,
Nova Iguacu,2020-05-09,610,36,63,3,300,3225,,
Nova Iguacu,2020-05-10,591,-19,66,3,300,3300,,
Nova Iguacu,2020-05-11,668,77,68,2,300,3375,,
Nova Iguacu,2020-05-12,696,28,72,4,300,3450,,
Nova Iguacu,2020-05-13,698,2,75,3,300,3525,,
Nova Iguacu,2020-05-14,750,52,84,9,300,3600,,
Nova Iguacu,2020-05-15,754,4,88,4,300,3675,,
Nova Iguacu,2020-05-16,761,7,90,2,300,3750,,
Nova Iguacu,2020-05-17,766,5,95,5,300,3825,,
Nova Iguacu,2020-05-18,1168,402,95,0,500,3900,,
Nova Iguacu,2020-05-19,1172,4,99,4,500,3975,,
Nova Iguacu,2020-05-20,1179,7,106,7,500,4050,,
Nova Iguacu,2020-05-21,1185,6,112,6,500,4125,,
Nova Iguacu,2020-05-22,1191,6,119,7,500,4200,,
Nova Iguacu,2020-05-23,1202,11,133,14,500,4275,,
Nova Iguacu,2020-05-24,1207,5,138,5,500,4350,,
Nova Iguacu,2020-05-25,1274,67,142,4,500,4425,,
Nova Iguacu,2020-05-26,1298,24,144,2,500,4500,,
Nova Iguacu,2020-05-27,1306,8,152,8,500,4575,,
Nova Iguacu,2020-05-28,1380,74,159,7,500,4650,,
Nova Iguacu,2020-05-29,1453,73,165,6,500,4725,,
Nova Iguacu,2020-05-30,1766,313,182,17,500,4800,,
Nova Iguacu,2020-05-31,1770,4,182,0,500,4875,,
Nova Iguacu,2020-06-01,1805,35,188,6,500,4950,,
Nova Iguacu,2020-06-02,1827,22,191,3,500,5025,,
Nova Iguacu,2020-06-03,1875,48,202,11,500,5100,,
Nova Iguacu,2020-06-04,1935,60,219,17,1000,5175,,
Nova Iguacu,2020-06-05,2017,82,229,10,1000,5250,,
Nova Iguacu,2020-06-06,2069,52,242,13,1000,5325,,
Nova Iguacu,2020-06-07,2183,114,247,5,1000,5400,,
Nova Iguacu,2020-06-08,2181,-2,249,2,1000,5475,,
Nova Iguacu,2020-06-09,2412,231,253,4,1000,5550,,
Nova Iguacu,2020-06-10,2408,-4,262,9,1000,5625,,
Nova Iguacu,2020-06-11,2443,35,265,3,1000,5700,,
Nova Iguacu,2020-06-12,2520,77,266,1,1000,5775,,
Nova Iguacu,2020-06-13,2541,21,274,8,1000,5850,,
Nova Iguacu,2020-06-14,2557,16,278,4,1000,5925,,
Nova Iguacu,2020-06-15,2579,22,279,1,1000,6000,,
Nova Iguacu,2020-06-16,2658,79,286,7,1000,6075,,
Nova Iguacu,2020-06-17,2765,107,287,1,1000,6150,,
Nova Iguacu,2020-06-18,2770,5,296,9,1000,6225,,
Nova Iguacu,2020-06-19,2934,164,309,13,1000,6300,,
Nova Iguacu,2020-06-20,2893,-41,314,5,1000,6375,,
Nova Iguacu,2020-06-21,2899,6,315,1,1000,6450,,
Nova Iguacu,2020-06-22,2977,78,317,2,1000,6525,,
Nova Iguacu,2020-06-23,3051,74,323,6,1000,6600,,
Nova Iguacu,2020-06-24,3117,66,325,2,1000,6675,,
Nova Iguacu,2020-06-25,3150,33,331,6,1000,6750,,
Nova Iguacu,2020-06-26,3205,55,332,1,1000,6825,,
Nova Iguacu,2020-06-27,3210,5,338,6,1000,6900,,
Nova Iguacu,2020-06-28,3254,44,338,0,1000,6975,,
Nova Iguacu,2020-06-29,3257,3,340,2,1000,7050,,
Nova Iguacu,2020-06-30,3266,9,342,2,1000,7155,,
Fortaleza,2020-02-27,1,1,0,0,50,0,150,
Fortaleza,2020-02-28,11,10,0,0,50,607,149,
Fortaleza,2020-02-29,21,10,0,0,50,1214,148,
Fortaleza,2020-03-01,31,10,0,0,50,1821,147,
Fortaleza,2020-03-02,41,10,0,0,50,2428,146,
Fortaleza,2020-03-03,51,10,0,0,50,3035,145,
Fortaleza,2020-03-04,61,10,0,0,50,3642,144,
Fortaleza,2020-03-05,71,10,0,0,50,4249,143,
Fortaleza,2020-03-06,81,10,0,0,50,4856,142,
Fortaleza,2020-03-07,91,10,0,0,50,5463,141,
Fortaleza,2020-03-08,101,10,0,0,50,6070,140,
Fortaleza,2020-03-09,111,10,0,0,50,6677,139,
Fortaleza,2020-03-10,121,10,0,0,50,7284,138,
Fortaleza,2020-03-11,131,10,0,0,50,7891,137,
Fortaleza,2020-03-12,141,10,0,0,50,8498,136,
Fortaleza,2020-03-13,151,10,0,0,50,9105,135,
Fortaleza,2020-03-14,161,10,0,0,50,9712,134,
Fortaleza,2020-03-15,171,10,0,0,50,10319,133,
Fortaleza,2020-03-16,181,10,0,0,50,10926,132,
Fortaleza,2020-03-17,191,10,0,0,50,11533,131,
Fortaleza,2020-03-18,201,10,0,0,50,12140,130,
Fortaleza,2020-03-19,211,10,0,0,50,12747,129,
Fortaleza,2020-03-20,221,10,0,0,50,13354,128,
Fortaleza,2020-03-21,231,10,0,0,100,13961,127,
Fortaleza,2020-03-22,241,10,0,0,100,14568,126,
Fortaleza,2020-03-23,251,10,0,0,100,15175,125,
Fortaleza,2020-03-24,261,10,1,1,100,15782,124,
Fortaleza,2020-03-25,271,10,2,1,100,16389,123,
Fortaleza,2020-03-26,281,10,2,0,100,16996,122,
Fortaleza,2020-03-27,291,10,3,1,100,17603,121,
Fortaleza,2020-03-28,304,13,4,1,100,18210,120,
Fortaleza,2020-03-29,338,34,5,1,100,18817,119,
Fortaleza,2020-03-30,353,15,5,0,100,19424,118,
Fortaleza,2020-03-31,371,18,6,1,100,20031,117,
Fortaleza,2020-04-01,413,42,6,0,100,20638,116,
Fortaleza,2020-04-02,507,94,16,10,300,21245,115,
Fortaleza,2020-04-03,600,93,17,1,300,21852,114,
Fortaleza,2020-04-04,680,80,17,0,300,22459,113,
Fortaleza,2020-04-05,744,64,20,3,300,23066,112,
Fortaleza,2020-04-06,925,181,24,4,300,23673,111,
Fortaleza,2020-04-07,1053,128,30,6,300,24280,110,
Fortaleza,2020-04-08,1213,160,41,11,300,24887,109,
Fortaleza,2020-04-09,1283,70,45,4,300,25494,108,
Fortaleza,2020-04-10,1366,83,53,8,300,26101,107,
Fortaleza,2020-04-11,1457,91,58,5,300,26708,106,
Fortaleza,2020-04-12,1529,72,59,1,300,27315,105,
Fortaleza,2020-04-13,1686,157,78,19,300,27922,104,
Fortaleza,2020-04-14,1794,108,86,8,300,28529,103,
Fortaleza,2020-04-15,1946,152,93,7,300,29136,102,
Fortaleza,2020-04-16,2041,95,95,2,300,29743,101,
Fortaleza,2020-04-17,2263,222,113,18,600,30350,100,
Fortaleza,2020-04-18,2562,299,141,28,600,30957,99,
Fortaleza,2020-04-19,2688,126,148,7,600,31564,98,
Fortaleza,2020-04-20,2840,152,164,16,600,32171,97,
Fortaleza,2020-04-21,3018,178,178,14,600,32778,96,
Fortaleza,2020-04-22,3303,285,189,11,600,33385,95,
Fortaleza,2020-04-23,3791,488,212,23,600,33992,94,
Fortaleza,2020-04-24,4063,272,228,16,600,34599,93,
Fortaleza,2020-04-25,4541,478,259,31,600,35206,92,
Fortaleza,2020-04-26,4852,311,285,26,600,35813,91,
Fortaleza,2020-04-27,5280,428,310,25,600,36420,90,
Fortaleza,2020-04-28,5481,201,329,19,600,37027,89,
Fortaleza,2020-04-29,5712,231,349,20,600,37634,88,
Fortaleza,2020-04-30,5875,163,373,24,600,38241,87,
Fortaleza,2020-05-01,6083,208,403,30,1500,38848,86,
Fortaleza,2020-05-02,6353,270,498,95,1500,39455,85,
Fortaleza,2020-05-03,6417,64,528,30,1500,40062,84,
Fortaleza,2020-05-04,8198,1781,553,25,1500,40669,83,
Fortaleza,2020-05-05,8509,311,608,55,1500,41276,82,
Fortaleza,2020-05-06,9061,552,651,43,1500,41883,81,
Fortaleza,2020-05-07,9669,608,694,43,1500,42490,80,
Fortaleza,2020-05-08,10348,679,741,47,1500,43097,79,
Fortaleza,2020-05-09,10995,647,809,68,1500,43704,78,
Fortaleza,2020-05-10,11556,561,840,31,1500,44311,77,
Fortaleza,2020-05-11,11935,379,893,53,1500,44918,76,
Fortaleza,2020-05-12,12484,549,950,57,1500,45525,75,
Fortaleza,2020-05-13,13037,553,1022,72,1500,46132,74,
Fortaleza,2020-05-14,13777,740,1039,17,1500,46739,73,
Fortaleza,2020-05-15,14259,482,1088,49,1500,47346,72,
Fortaleza,2020-05-16,15162,903,1163,75,1500,47953,71,
Fortaleza,2020-05-17,15371,209,1174,11,1500,48560,70,
Fortaleza,2020-05-18,16169,798,1253,79,1500,49167,69,
Fortaleza,2020-05-19,16784,615,1307,54,1500,49774,68,
Fortaleza,2020-05-20,18010,1226,1333,26,1500,50381,67,
Fortaleza,2020-05-21,18644,634,1503,170,1500,50988,66,
Fortaleza,2020-05-22,19270,626,1548,45,1500,51595,65,
Fortaleza,2020-05-23,19552,282,1574,26,1500,52202,64,
Fortaleza,2020-05-24,19795,243,1579,5,1500,52809,63,
Fortaleza,2020-05-25,20146,351,1687,108,1500,53416,62,
Fortaleza,2020-05-26,20789,643,1769,82,1500,54023,61,
Fortaleza,2020-05-27,20939,150,1783,14,1500,54630,60,
Fortaleza,2020-05-28,21328,389,1804,21,1500,55237,59,
Fortaleza,2020-05-29,21705,377,1877,73,1500,55844,58,
Fortaleza,2020-05-30,23378,1673,1939,62,1500,56451,57,
Fortaleza,2020-05-31,23613,235,1967,28,1500,57058,56,
Fortaleza,2020-06-01,24104,491,2084,117,1500,57665,55,
Fortaleza,2020-06-02,24897,793,2231,147,1500,58272,54,
Fortaleza,2020-06-03,25726,829,2334,103,1500,58879,53,
Fortaleza,2020-06-04,26514,788,2424,90,1500,59486,52,
Fortaleza,2020-06-05,26933,419,2444,20,1500,60093,51,
Fortaleza,2020-06-06,27320,387,2459,15,1500,60700,50,
Fortaleza,2020-06-07,27411,91,2458,-1,1500,61307,49,
Fortaleza,2020-06-08,27706,295,2539,81,1500,61914,48,
Fortaleza,2020-06-09,28366,660,2615,76,1500,62521,47,
Fortaleza,2020-06-10,29141,775,2697,82,1500,63128,46,
Fortaleza,2020-06-11,29711,570,2783,86,1500,63735,45,
Fortaleza,2020-06-12,30171,460,2843,60,1500,64342,44,
Fortaleza,2020-06-13,30323,152,2851,8,1500,64949,43,
Fortaleza,2020-06-14,30409,86,2853,2,1500,65556,42,
Fortaleza,2020-06-15,30863,454,2915,62,1500,66163,41,
Fortaleza,2020-06-16,31149,286,2943,28,1500,66770,40,
Fortaleza,2020-06-17,31779,630,3053,110,1500,67377,39,
Fortaleza,2020-06-18,32093,314,3084,31,1500,67984,38,
Fortaleza,2020-06-19,32473,380,3110,26,1500,68591,37,
Fortaleza,2020-06-20,32775,302,3112,2,1500,69198,36,
Fortaleza,2020-06-21,32854,79,3110,-2,1500,69805,35,
Fortaleza,2020-06-22,33072,218,3138,28,1500,70412,34,
Fortaleza,2020-06-23,33751,679,3176,38,1500,71019,33,
Fortaleza,2020-06-24,34027,276,3212,36,1500,71626,32,
Fortaleza,2020-06-25,34313,286,3229,17,1500,72233,31,
Fortaleza,2020-06-26,34580,267,3235,6,1500,72840,30,
Fortaleza,2020-06-27,34929,349,3244,9,1500,73447,29,
Fortaleza,2020-06-28,35029,100,3245,1,1500,74054,28,
Fortaleza,2020-06-29,35081,52,3276,31,1500,74661,27,
Fortaleza,2020-06-30,35313,232,3288,12,1500,75264,27,
Fortaleza,2020-07-01,35523,210,3295,7,1500,76764,27,
Fortaleza,2020-07-02,35784,261,3323,28,1500,78264,27,
Fortaleza,2020-07-03,36100,316,3346,23,1500,79764,27,
Fortaleza,2020-07-04,36828,728,3366,20,1500,81264,27,
Fortaleza,2020-07-05,36875,47,3377,11,1500,82764,27,
Manaus,2020-02-27,0,0,0,0,50,0,150,
Manaus,2020-02-28,0,0,0,0,50,662,149,
Manaus,2020-02-29,0,0,0,0,50,1324,148,
Manaus,2020-03-01,0,0,0,0,50,1986,147,
Manaus,2020-03-02,0,0,0,0,50,2648,146,
Manaus,2020-03-03,0,0,0,0,50,3310,145,
Manaus,2020-03-04,0,0,0,0,50,3972,144,
Manaus,2020-03-05,0,0,0,0,50,4634,143,
Manaus,2020-03-06,0,0,0,0,50,5296,142,
Manaus,2020-03-07,0,0,0,0,50,5958,141,
Manaus,2020-03-08,0,0,0,0,50,6620,140,
Manaus,2020-03-09,0,0,0,0,50,7282,139,
Manaus,2020-03-10,0,0,0,0,50,7944,138,
Manaus,2020-03-11,0,0,0,0,50,8606,137,
Manaus,2020-03-12,0,0,0,0,50,9268,136,
Manaus,2020-03-13,1,1,0,0,50,9930,135,
Manaus,2020-03-14,8,7,0,0,50,10592,134,
Manaus,2020-03-15,15,7,0,0,50,11254,133,
Manaus,2020-03-16,22,7,0,0,50,11916,132,
Manaus,2020-03-17,29,7,0,0,50,12578,131,
Manaus,2020-03-18,36,7,0,0,50,13240,130,
Manaus,2020-03-19,43,7,0,0,50,13902,129,
Manaus,2020-03-20,50,7,0,0,50,14564,128,
Manaus,2020-03-21,57,7,0,0,100,15226,127,
Manaus,2020-03-22,64,7,0,0,100,15888,126,
Manaus,2020-03-23,71,7,0,0,100,16550,125,
Manaus,2020-03-24,78,7,0,0,100,17212,124,
Manaus,2020-03-25,85,7,0,0,100,17874,123,
Manaus,2020-03-26,92,7,0,0,100,18536,122,
Manaus,2020-03-27,99,7,0,0,100,19198,121,
Manaus,2020-03-28,105,6,0,0,100,19860,120,
Manaus,2020-03-29,131,26,0,0,100,20522,119,
Manaus,2020-03-30,140,9,0,0,100,21184,118,
Manaus,2020-03-31,159,19,2,2,100,21846,117,
Manaus,2020-04-01,179,20,2,0,100,22508,116,
Manaus,2020-04-02,205,26,2,0,300,23170,115,
Manaus,2020-04-03,232,27,4,2,300,23832,114,
Manaus,2020-04-04,283,51,9,5,300,24494,113,
Manaus,2020-04-05,379,96,10,1,300,25156,112,
Manaus,2020-04-06,473,94,15,5,300,25818,111,
Manaus,2020-04-07,560,87,19,4,300,26480,110,
Manaus,2020-04-08,712,152,24,5,300,27142,109,
Manaus,2020-04-09,800,88,33,9,300,27804,108,
Manaus,2020-04-10,863,63,42,9,300,28466,107,
Manaus,2020-04-11,932,69,45,3,300,29128,106,
Manaus,2020-04-12,1053,121,52,7,300,29790,105,
Manaus,2020-04-13,1106,53,62,10,300,30452,104,
Manaus,2020-04-14,1295,189,81,19,300,31114,103,
Manaus,2020-04-15,1350,55,92,11,300,31776,102,
Manaus,2020-04-16,1459,109,107,15,300,32438,101,
Manaus,2020-04-17,1531,72,127,20,600,33100,100,
Manaus,2020-04-18,1593,62,134,7,600,33762,99,
Manaus,2020-04-19,1664,71,156,22,600,34424,98,
Manaus,2020-04-20,1772,108,156,0,600,35086,97,
Manaus,2020-04-21,1809,37,163,7,600,35748,96,
Manaus,2020-04-22,1958,149,172,9,600,36410,95,
Manaus,2020-04-23,2286,328,193,21,600,37072,94,
Manaus,2020-04-24,2481,195,207,14,600,37734,93,
Manaus,2020-04-25,2678,197,233,26,600,38396,92,
Manaus,2020-04-26,2722,44,246,13,600,39058,91,
Manaus,2020-04-27,2738,16,256,10,600,39720,90,
Manaus,2020-04-28,2899,161,274,18,600,40382,89,
Manaus,2020-04-29,3091,192,288,14,600,41044,88,
Manaus,2020-04-30,3273,182,312,24,600,41706,87,
Manaus,2020-05-01,3491,218,357,45,2000,42368,86,
Manaus,2020-05-02,3658,167,368,11,2000,43030,85,
Manaus,2020-05-03,4072,414,396,28,2000,43692,84,
Manaus,2020-05-04,4344,272,418,22,2000,44354,83,
Manaus,2020-05-05,4804,460,459,41,2000,45016,82,
Manaus,2020-05-06,5474,670,532,73,2000,45678,81,
Manaus,2020-05-07,5897,423,563,31,2000,46340,80,
Manaus,2020-05-08,6034,137,604,41,2000,47002,79,
Manaus,2020-05-09,6743,709,660,56,2000,47664,78,
Manaus,2020-05-10,7198,455,680,20,2000,48326,77,
Manaus,2020-05-11,7264,66,691,11,2000,48988,76,
Manaus,2020-05-12,7877,613,726,35,2000,49650,75,
Manaus,2020-05-13,8630,753,757,31,2000,50312,74,
Manaus,2020-05-14,9410,780,809,52,2000,50974,73,
Manaus,2020-05-15,9713,303,888,79,2000,51636,72,
Manaus,2020-05-16,10297,584,920,32,2000,52298,71,
Manaus,2020-05-17,10407,110,949,29,2000,52960,70,
Manaus,2020-05-18,10660,253,951,2,2000,53622,69,
Manaus,2020-05-19,11051,391,999,48,2000,54284,68,
Manaus,2020-05-20,11643,592,1057,58,4000,54946,67,
Manaus,2020-05-21,12317,674,1094,37,4000,55608,66,
Manaus,2020-05-22,12967,650,1127,33,4000,56270,65,
Manaus,2020-05-23,13624,657,1176,49,4000,56932,64,
Manaus,2020-05-24,13881,257,1182,6,4000,57594,63,
Manaus,2020-05-25,13979,98,1190,8,4000,58256,62,
Manaus,2020-05-26,14402,423,1248,58,4000,58918,61,
Manaus,2020-05-27,14800,398,1272,24,4000,59580,60,
Manaus,2020-05-28,15769,969,1314,42,4000,60242,59,
Manaus,2020-05-29,17492,1723,1349,35,4000,60904,58,
Manaus,2020-05-30,18139,647,1366,17,4000,61566,57,
Manaus,2020-05-31,18293,154,1366,0,4000,62228,56,
Manaus,2020-06-01,18367,74,1371,5,4000,62890,55,
Manaus,2020-06-02,18981,614,1390,19,4000,63552,54,
Manaus,2020-06-03,19043,62,1407,17,4000,64214,53,
Manaus,2020-06-04,19962,919,1442,35,4000,64876,52,
Manaus,2020-06-05,20422,460,1432,-10,4000,65538,51,
Manaus,2020-06-06,20785,363,1462,30,4000,66200,50,
Manaus,2020-06-07,20837,52,1466,4,4000,66862,49,
Manaus,2020-06-08,20948,111,1475,9,4000,67524,48,
Manaus,2020-06-09,21605,657,1501,26,4000,68186,47,
Manaus,2020-06-10,22159,554,1534,33,4000,68848,46,
Manaus,2020-06-11,22504,345,1560,26,4000,69510,45,
Manaus,2020-06-12,22635,131,1576,16,4000,70172,44,
Manaus,2020-06-13,22894,259,1596,20,4000,70834,43,
Manaus,2020-06-14,23101,207,1614,18,4000,71496,42,
Manaus,2020-06-15,23138,37,1620,6,4000,72158,41,
Manaus,2020-06-16,23612,474,1645,25,4000,72820,40,
Manaus,2020-06-17,24089,477,1660,15,4000,73482,39,
Manaus,2020-06-18,24154,65,1678,18,4000,74144,38,
Manaus,2020-06-19,24581,427,1685,7,4000,74806,37,
Manaus,2020-06-20,24978,397,1706,21,4000,75468,36,
Manaus,2020-06-21,25103,125,1711,5,4000,76130,35,
Manaus,2020-06-22,25153,50,1719,8,4000,76792,34,
Manaus,2020-06-23,25710,557,1727,8,4000,77454,33,
Manaus,2020-06-24,26153,443,1735,8,4000,78116,32,
Manaus,2020-06-25,26483,330,1743,8,4000,78778,31,
Manaus,2020-06-26,26783,300,1747,4,4000,79440,30,
Manaus,2020-06-27,26842,59,1768,21,4000,80102,29,
Manaus,2020-06-28,27122,280,1768,0,4000,80764,28,
Manaus,2020-06-29,27132,10,1771,3,4000,81426,27,
Manaus,2020-06-30,27169,37,1790,19,4000,82044,27,
Manaus,2020-07-01,27820,651,1804,14,4000,86044,27,
Manaus,2020-07-02,28128,308,1810,6,4000,90044,27,
Manaus,2020-07-03,28449,321,1826,16,4000,94044,27,
Manaus,2020-07-04,28779,330,1843,17,4000,98044,27,
Manaus,2020-07-05,28854,75,1845,2,4000,102044,27,
Salvador,2020-03-19,0,0,0,0,50,357,97,
Salvador,2020-03-20,0,0,0,0,50,714,96,
Salvador,2020-03-21,3,3,0,0,100,1071,95,
Salvador,2020-03-22,5,2,0,0,100,1428,95,
Salvador,2020-03-23,7,2,0,0,100,1785,94,
Salvador,2020-03-24,10,3,0,0,100,2142,93,
Salvador,2020-03-25,20,10,0,0,100,2499,92,
Salvador,2020-03-26,50,30,0,0,100,2856,92,
Salvador,2020-03-27,60,10,0,0,100,3213,91,
Salvador,2020-03-28,82,22,0,0,100,3570,90,
Salvador,2020-03-29,103,21,1,1,100,3927,89,
Salvador,2020-03-30,117,14,1,0,100,4284,89,
Salvador,2020-03-31,132,15,2,1,100,4641,88,
Salvador,2020-04-01,153,21,2,0,100,4998,87,
Salvador,2020-04-02,167,14,3,1,300,5355,86,
Salvador,2020-04-03,183,16,5,2,300,5712,86,
Salvador,2020-04-04,215,32,5,0,300,6069,85,
Salvador,2020-04-05,243,28,7,2,300,6426,84,
Salvador,2020-04-06,257,14,8,1,300,6783,83,
Salvador,2020-04-07,268,11,10,2,300,7140,83,
Salvador,2020-04-08,290,22,11,1,300,7497,82,
Salvador,2020-04-09,312,22,11,0,300,7854,81,
Salvador,2020-04-10,341,29,11,0,300,8211,80,
Salvador,2020-04-11,353,12,11,0,300,8568,80,
Salvador,2020-04-12,362,9,11,0,300,8925,79,
Salvador,2020-04-13,388,26,11,0,300,9282,78,
Salvador,2020-04-14,425,37,13,2,300,9639,77,
Salvador,2020-04-15,519,94,13,0,300,9996,77,
Salvador,2020-04-16,569,50,18,5,300,10353,76,
Salvador,2020-04-17,642,73,18,0,600,10710,75,
Salvador,2020-04-18,759,117,19,1,600,11067,74,
Salvador,2020-04-19,762,3,22,3,600,11424,74,
Salvador,2020-04-20,821,59,23,1,600,11781,73,
Salvador,2020-04-21,922,101,24,1,600,12138,72,
Salvador,2020-04-22,1034,112,28,4,600,12495,71,
Salvador,2020-04-23,1131,97,34,6,600,12852,71,
Salvador,2020-04-24,1218,87,37,3,600,13209,70,
Salvador,2020-04-25,1303,85,38,1,600,13566,69,
Salvador,2020-04-26,1357,54,39,1,600,13923,68,
Salvador,2020-04-27,1430,73,48,9,600,14280,68,
Salvador,2020-04-28,1578,148,56,8,600,14637,67,
Salvador,2020-04-29,1639,61,62,6,600,14994,66,
Salvador,2020-04-30,1784,145,67,5,600,15351,65,
Salvador,2020-05-01,1995,211,76,9,600,15708,65,
Salvador,2020-05-02,2100,105,78,2,600,16065,64,
Salvador,2020-05-03,2247,147,80,2,600,16422,63,
Salvador,2020-05-04,2370,123,91,11,600,16779,62,
Salvador,2020-05-05,2599,229,95,4,600,17136,62,
Salvador,2020-05-06,2746,147,98,3,600,17493,61,
Salvador,2020-05-07,2877,131,101,3,600,17850,60,
Salvador,2020-05-08,3129,252,118,17,600,18207,59,
Salvador,2020-05-09,3342,213,127,9,600,18564,59,
Salvador,2020-05-10,3670,328,128,1,600,18921,58,
Salvador,2020-05-11,3884,214,138,10,600,19278,57,
Salvador,2020-05-12,4107,223,145,7,600,19635,56,
Salvador,2020-05-13,4349,242,148,3,600,19992,56,
Salvador,2020-05-14,4619,270,167,19,600,20349,55,
Salvador,2020-05-15,4842,223,204,37,600,20706,54,
Salvador,2020-05-16,5267,425,185,-19,600,21063,53,
Salvador,2020-05-17,5317,50,213,28,1500,21420,53,
Salvador,2020-05-18,5326,9,229,16,1500,21777,52,
Salvador,2020-05-19,7106,1780,215,-14,1500,22134,51,
Salvador,2020-05-20,7169,63,241,26,1500,22491,50,
Salvador,2020-05-21,7578,409,248,7,1500,22848,50,
Salvador,2020-05-22,7860,282,257,9,1500,23205,49,
Salvador,2020-05-23,8084,224,264,7,1500,23562,48,
Salvador,2020-05-24,8734,650,303,39,1500,23919,47,
Salvador,2020-05-25,8941,207,314,11,1500,24276,47,
Salvador,2020-05-26,9227,286,328,14,1500,24633,46,
Salvador,2020-05-27,9472,245,357,29,1500,24990,45,
Salvador,2020-05-28,10006,534,390,33,1500,25347,44,
Salvador,2020-05-29,10485,479,421,31,1500,25704,44,
Salvador,2020-05-30,10791,306,443,22,1500,26061,43,
Salvador,2020-05-31,11218,427,453,10,1500,26418,42,
Salvador,2020-06-01,11499,281,474,21,1500,26775,41,
Salvador,2020-06-02,12954,1455,493,19,2000,27132,41,
Salvador,2020-06-03,13367,413,511,18,2000,27489,40,
Salvador,2020-06-04,13801,434,535,24,2000,27846,39,
Salvador,2020-06-05,15260,1459,558,23,2000,28203,38,
Salvador,2020-06-06,15724,464,579,21,2000,28560,38,
Salvador,2020-06-07,16099,375,600,21,2000,28917,37,
Salvador,2020-06-08,16323,224,622,22,2000,29274,36,
Salvador,2020-06-09,17224,901,640,18,2000,29631,35,
Salvador,2020-06-10,18201,977,674,34,2000,29988,35,
Salvador,2020-06-11,18784,583,707,33,2000,30345,34,
Salvador,2020-06-12,19093,309,720,13,2000,30702,33,
Salvador,2020-06-13,19732,639,728,8,2000,31059,32,
Salvador,2020-06-14,19893,161,742,14,2000,31416,32,
Salvador,2020-06-15,20638,745,752,10,2000,31773,31,
Salvador,2020-06-16,21203,565,775,23,2000,32130,30,
Salvador,2020-06-17,21955,752,800,25,2000,32487,29,
Salvador,2020-06-18,22254,299,827,27,2000,32844,29,
Salvador,2020-06-19,22777,523,854,27,2000,33201,28,
Salvador,2020-06-20,23124,347,884,30,2000,33558,27,
Salvador,2020-06-21,23483,359,904,20,2000,33915,26,
Salvador,2020-06-22,23663,180,919,15,2000,34272,26,
Salvador,2020-06-23,24393,730,953,34,2000,34629,25,
Salvador,2020-06-24,25803,1410,991,38,4500,34986,24,
Salvador,2020-06-25,26864,1061,1029,38,4500,35343,23,
Salvador,2020-06-26,27713,849,1046,17,4500,35700,23,
Salvador,2020-06-27,31199,3486,1065,19,4500,36057,22,
Salvador,2020-06-28,32402,1203,1093,28,4500,36414,21,
Salvador,2020-06-29,32673,271,1129,36,4500,36771,20,
Salvador,2020-06-30,33911,1238,1163,34,4500,40405,20,
Salvador,2020-07-01,35026,1115,1189,26,4500,40425,20,
Salvador,2020-07-02,35881,855,1209,20,4500,40445,20,
Salvador,2020-07-03,36856,975,1234,25,4500,40465,20,
Salvador,2020-07-04,38052,1196,1256,22,4500,40485,20,
Salvador,2020-07-05,38511,459,1277,21,4500,40505,20,
Porto Alegre,2020-03-27,0,0,0,0,0,0,,
Porto Alegre,2020-03-28,107,107,2,2,192,192,,
Porto Alegre,2020-03-29,133,26,2,0,192,384,,
Porto Alegre,2020-03-30,143,10,2,0,192,576,,
Porto Alegre,2020-03-31,161,18,2,0,192,768,,
Porto Alegre,2020-04-01,190,29,2,0,192,960,,
Porto Alegre,2020-04-02,208,18,3,1,192,1152,,
Porto Alegre,2020-04-03,232,24,3,0,192,1344,,
Porto Alegre,2020-04-04,233,1,4,1,192,1536,,
Porto Alegre,2020-04-05,241,8,4,0,192,1728,,
Porto Alegre,2020-04-06,256,15,4,0,192,1920,,
Porto Alegre,2020-04-07,260,4,5,1,192,2112,,
Porto Alegre,2020-04-08,272,12,5,0,192,2304,,
Porto Alegre,2020-04-09,304,32,6,1,192,2496,,
Porto Alegre,2020-04-10,303,-1,6,0,192,2688,,
Porto Alegre,2020-04-11,303,0,6,0,192,2880,,
Porto Alegre,2020-04-12,311,8,6,0,192,3072,,
Porto Alegre,2020-04-13,314,3,6,0,192,3264,,
Porto Alegre,2020-04-14,327,13,8,2,192,3456,,
Porto Alegre,2020-04-15,346,19,8,0,192,3648,,
Porto Alegre,2020-04-16,357,11,8,0,192,3840,,
Porto Alegre,2020-04-17,367,10,8,0,192,4032,,
Porto Alegre,2020-04-18,369,2,9,1,192,4224,,
Porto Alegre,2020-04-19,374,5,9,0,192,4416,,
Porto Alegre,2020-04-20,388,14,10,1,192,4608,,
Porto Alegre,2020-04-21,390,2,10,0,192,4800,,
Porto Alegre,2020-04-22,394,4,10,0,192,4992,,
Porto Alegre,2020-04-23,401,7,10,0,192,5184,,
Porto Alegre,2020-04-24,417,16,10,0,192,5376,,
Porto Alegre,2020-04-25,420,3,11,1,192,5568,,
Porto Alegre,2020-04-26,425,5,11,0,192,5760,,
Porto Alegre,2020-04-27,430,5,14,3,192,5952,,
Porto Alegre,2020-04-28,439,9,14,0,192,6144,,
Porto Alegre,2020-04-29,443,4,14,0,192,6336,,
Porto Alegre,2020-04-30,450,7,14,0,192,6528,,
Porto Alegre,2020-05-01,451,1,15,1,192,6720,,
Porto Alegre,2020-05-02,455,4,15,0,192,6912,,
Porto Alegre,2020-05-03,454,-1,16,1,192,7104,,
Porto Alegre,2020-05-04,462,8,16,0,192,7296,,
Porto Alegre,2020-05-05,467,5,16,0,192,7488,,
Porto Alegre,2020-05-06,473,6,17,1,192,7680,,
Porto Alegre,2020-05-07,480,7,17,0,192,7872,,
Porto Alegre,2020-05-08,495,15,17,0,192,8064,,
Porto Alegre,2020-05-09,498,3,17,0,192,8256,,
Porto Alegre,2020-05-10,507,9,17,0,192,8448,,
Porto Alegre,2020-05-11,508,1,17,0,192,8640,,
Porto Alegre,2020-05-12,546,38,19,2,192,8832,,
Porto Alegre,2020-05-13,546,0,19,0,192,9024,,
Porto Alegre,2020-05-14,564,18,21,2,192,9216,,
Porto Alegre,2020-05-15,576,12,21,0,192,9408,,
Porto Alegre,2020-05-16,597,21,21,0,192,9600,,
Porto Alegre,2020-05-17,602,5,21,0,192,9792,,
Porto Alegre,2020-05-18,602,0,21,0,192,9984,,
Porto Alegre,2020-05-19,603,1,24,3,192,10176,,
Porto Alegre,2020-05-20,601,-2,25,1,192,10368,,
Porto Alegre,2020-05-21,601,0,26,1,192,10560,,
Porto Alegre,2020-05-22,601,0,26,0,192,10752,,
Porto Alegre,2020-05-23,601,0,27,1,192,10944,,
Porto Alegre,2020-05-24,602,1,28,1,192,11136,,
Porto Alegre,2020-05-25,603,1,32,4,192,11328,,
Porto Alegre,2020-05-26,603,0,32,0,192,11520,,
Porto Alegre,2020-05-27,603,0,32,0,192,11712,,
Porto Alegre,2020-05-28,605,2,35,3,192,11904,,
Porto Alegre,2020-05-29,637,32,34,-1,192,12096,,
Porto Alegre,2020-05-30,731,94,34,0,192,12288,,
Porto Alegre,2020-05-31,743,12,35,1,192,12480,,
Porto Alegre,2020-06-01,743,0,37,2,192,12672,,
Porto Alegre,2020-06-02,747,4,39,2,192,12864,,
Porto Alegre,2020-06-03,778,31,41,2,192,13056,,
Porto Alegre,2020-06-04,949,171,42,1,192,13248,,
Porto Alegre,2020-06-05,1077,128,43,1,192,13440,,
Porto Alegre,2020-06-06,1131,54,44,1,192,13632,,
Porto Alegre,2020-06-07,1139,8,44,0,192,13824,,
Porto Alegre,2020-06-08,1141,2,44,0,192,14016,,
Porto Alegre,2020-06-09,1153,12,46,2,192,14208,,
Porto Alegre,2020-06-10,1245,92,48,2,192,14400,,
Porto Alegre,2020-06-11,1297,52,51,3,192,14592,,
Porto Alegre,2020-06-12,1304,7,51,0,192,14784,,
Porto Alegre,2020-06-13,1346,42,52,1,192,14976,,
Porto Alegre,2020-06-14,1353,7,53,1,192,15168,,
Porto Alegre,2020-06-15,1396,43,55,2,192,15360,,
Porto Alegre,2020-06-16,1568,172,57,2,192,15552,,
Porto Alegre,2020-06-17,1611,43,58,1,192,15744,,
Porto Alegre,2020-06-18,1629,18,60,2,192,15936,,
Porto Alegre,2020-06-19,1648,19,63,3,192,16128,,
Porto Alegre,2020-06-20,1669,21,64,1,192,16320,,
Porto Alegre,2020-06-21,1673,4,65,1,192,16512,,
Porto Alegre,2020-06-22,1694,21,66,1,192,16704,,
Porto Alegre,2020-06-23,1868,174,67,1,192,16896,,
Porto Alegre,2020-06-24,2123,255,69,2,192,17088,,
Porto Alegre,2020-06-25,2265,142,69,0,192,17280,,
Porto Alegre,2020-06-26,2384,119,76,7,192,17472,,
Porto Alegre,2020-06-27,2456,72,79,3,192,17664,,
Porto Alegre,2020-06-28,2464,8,80,1,192,17856,,
Porto Alegre,2020-06-29,2484,20,84,4,192,18048,,
Porto Alegre,2020-06-30,2589,105,89,5,215,18263,,
BH,2020-03-23,10,10,0,0,50,50,100,-1.442307692
BH,2020-03-24,25,15,0,0,50,100,99,25
BH,2020-03-25,40,15,0,0,50,150,98,25
BH,2020-03-26,55,15,0,0,50,200,97,25
BH,2020-03-27,70,15,0,0,50,250,96,25
BH,2020-03-28,129,59,0,0,50,300,95,25
BH,2020-03-29,143,14,0,0,50,350,94,25
BH,2020-03-30,163,20,1,1,50,400,93,25
BH,2020-03-31,163,0,2,1,50,450,92,25
BH,2020-04-01,188,25,2,0,50,500,91,25
BH,2020-04-02,210,22,3,1,150,650,90,75
BH,2020-04-03,225,15,3,0,150,800,89,75
BH,2020-04-04,237,12,3,0,150,950,88,75
BH,2020-04-05,262,25,3,0,150,1100,87,75
BH,2020-04-06,264,2,4,1,150,1250,86,75
BH,2020-04-07,275,11,5,1,150,1400,85,75
BH,2020-04-08,299,24,6,1,150,1550,84,75
BH,2020-04-09,310,11,6,0,150,1700,83,75
BH,2020-04-10,330,20,6,0,150,1850,82,75
BH,2020-04-11,338,8,6,0,150,2000,81,75
BH,2020-04-12,355,17,6,0,150,2150,80,75
BH,2020-04-13,357,2,6,0,150,2300,79,75
BH,2020-04-14,373,16,6,0,150,2450,78,75
BH,2020-04-15,380,7,6,0,150,2600,77,75
BH,2020-04-16,390,10,7,1,150,2750,76,75
BH,2020-04-17,406,16,8,1,150,2900,75,75
BH,2020-04-18,420,14,8,0,150,3050,74,75
BH,2020-04-19,448,28,8,0,150,3200,73,75
BH,2020-04-20,460,12,8,0,150,3350,72,75
BH,2020-04-21,467,7,8,0,150,3500,71,75
BH,2020-04-22,487,20,9,1,150,3650,70,75
BH,2020-04-23,491,4,9,0,150,3800,69,75
BH,2020-04-24,519,28,11,2,150,3950,68,75
BH,2020-04-25,528,9,11,0,150,4100,67,75
BH,2020-04-26,544,16,11,0,150,4250,66,75
BH,2020-04-27,559,15,11,0,150,4400,65,75
BH,2020-04-28,569,10,14,3,150,4550,64,75
BH,2020-04-29,577,8,16,2,150,4700,63,75
BH,2020-04-30,593,16,17,1,150,4850,62,75
BH,2020-05-01,610,17,20,3,150,5000,61,75
BH,2020-05-02,626,16,20,0,150,5150,60,75
BH,2020-05-03,646,20,20,0,150,5300,59,75
BH,2020-05-04,845,199,20,0,150,5450,58,75
BH,2020-05-05,851,6,22,2,150,5600,57,75
BH,2020-05-06,857,6,23,1,150,5750,56,75
BH,2020-05-07,915,58,25,2,150,5900,55,75
BH,2020-05-08,926,11,25,0,150,6050,54,75
BH,2020-05-09,960,34,26,1,150,6200,53,75
BH,2020-05-10,973,13,26,0,150,6350,52,75
BH,2020-05-11,979,6,26,0,150,6500,51,75
BH,2020-05-12,992,13,26,0,150,6650,50,75
BH,2020-05-13,1048,56,28,2,150,6800,49,75
BH,2020-05-14,1068,20,28,0,150,6950,48,75
BH,2020-05-15,1088,20,29,1,150,7100,47,75
BH,2020-05-16,1150,62,29,0,150,7250,46,75
BH,2020-05-17,1160,10,31,2,300,7550,45,150
BH,2020-05-18,1189,29,31,0,300,7850,44,150
BH,2020-05-19,1249,60,33,2,300,8150,43,150
BH,2020-05-20,1287,38,35,2,300,8450,42,150
BH,2020-05-21,1316,29,36,1,300,8750,41,150
BH,2020-05-22,1351,35,39,3,300,9050,40,150
BH,2020-05-23,1393,42,42,3,300,9350,39,150
BH,2020-05-24,1434,41,42,0,300,9650,38,150
BH,2020-05-25,1444,10,42,0,300,9950,37,150
BH,2020-05-26,1534,90,43,1,300,10250,36,150
BH,2020-05-27,1613,79,43,0,300,10550,35,150
BH,2020-05-28,1674,61,46,3,300,10850,34,150
BH,2020-05-29,1766,92,48,2,300,11150,33,150
BH,2020-05-30,1778,12,49,1,300,11450,32,150
BH,2020-05-31,1852,74,49,0,300,11750,31,150
BH,2020-06-01,1882,30,49,0,300,12050,30,150
BH,2020-06-02,1912,30,51,2,300,12350,29,150
BH,2020-06-03,2029,117,51,0,400,12750,28,200
BH,2020-06-04,2144,115,55,4,400,13150,27,200
BH,2020-06-05,2305,161,58,3,400,13550,26,200
BH,2020-06-06,2408,103,60,2,400,13950,25,200
BH,2020-06-07,2497,89,59,-1,400,14350,24,200
BH,2020-06-08,2514,17,59,0,400,14750,23,200
BH,2020-06-09,2549,35,62,3,1000,15750,22,500
BH,2020-06-10,2832,283,62,0,1000,16750,21,500
BH,2020-06-11,2919,87,66,4,1000,17750,20,500
BH,2020-06-12,3094,175,66,0,1000,18750,19,500
BH,2020-06-13,3224,130,67,1,1000,19750,18,500
BH,2020-06-14,3425,201,67,0,1000,20750,100,500
BH,2020-06-15,3487,62,67,0,2000,22750,99,1000
BH,2020-06-16,3488,1,76,9,2000,24750,98,1000
BH,2020-06-17,3631,143,83,7,2000,26750,97,1000
BH,2020-06-18,3810,179,87,4,2000,28750,96,1000
BH,2020-06-19,3879,69,90,3,2000,30750,95,1000
BH,2020-06-20,3992,113,96,6,2000,32750,94,1000
BH,2020-06-21,4083,91,96,0,2000,34750,93,1000
BH,2020-06-22,4428,345,96,0,2000,36750,92,1000
BH,2020-06-23,4667,239,96,0,2000,38750,91,1000
BH,2020-06-24,4772,105,104,8,2000,40750,90,1000
BH,2020-06-25,4942,170,106,2,2000,42750,89,1000
BH,2020-06-26,4977,35,109,3,2000,44750,88,1000
BH,2020-06-27,4977,0,108,-1,2000,46750,87,1000
BH,2020-06-28,5195,218,108,0,2000,48750,86,1000
BH,2020-06-29,5440,245,130,22,2000,50750,85,1000
BH,2020-06-30,5510,70,136,6,2000,52750,84,1000
BH,2020-07-01,5915,405,144,8,2000,54750,83,1000
BH,2020-07-02,6570,655,157,13,2000,56750,0,1000
BH,2020-07-03,7144,574,168,11,2000,58750,0,1000
BH,2020-07-04,7561,417,176,8,2000,60750,0,1000
BH,2020-07-05,7890,329,176,0,2000,62750,0,1000
Curitiba,2020-03-27,0,0,0,0,0,0,,
Curitiba,2020-03-28,74,74,0,0,165,165,,
Curitiba,2020-03-29,74,0,0,0,165,330,,
Curitiba,2020-03-30,77,3,0,0,165,495,,
Curitiba,2020-03-31,87,10,0,0,165,660,,
Curitiba,2020-04-01,98,11,0,0,165,825,,
Curitiba,2020-04-02,100,2,0,0,165,990,,
Curitiba,2020-04-03,114,14,0,0,165,1155,,
Curitiba,2020-04-04,152,38,0,0,165,1320,,
Curitiba,2020-04-05,172,20,0,0,165,1485,,
Curitiba,2020-04-06,175,3,1,1,165,1650,,
Curitiba,2020-04-07,195,20,3,2,165,1815,,
Curitiba,2020-04-08,205,10,3,0,165,1980,,
Curitiba,2020-04-09,237,32,5,2,165,2145,,
Curitiba,2020-04-10,251,14,5,0,165,2310,,
Curitiba,2020-04-11,279,28,5,0,165,2475,,
Curitiba,2020-04-12,302,23,6,1,165,2640,,
Curitiba,2020-04-13,299,-3,6,0,165,2805,,
Curitiba,2020-04-14,302,3,7,1,165,2970,,
Curitiba,2020-04-15,305,3,7,0,165,3135,,
Curitiba,2020-04-16,320,15,8,1,165,3300,,
Curitiba,2020-04-17,335,15,8,0,165,3465,,
Curitiba,2020-04-18,346,11,8,0,165,3630,,
Curitiba,2020-04-19,360,14,9,1,165,3795,,
Curitiba,2020-04-20,369,9,9,0,165,3960,,
Curitiba,2020-04-21,372,3,9,0,165,4125,,
Curitiba,2020-04-22,380,8,14,5,165,4290,,
Curitiba,2020-04-23,389,9,14,0,165,4455,,
Curitiba,2020-04-24,397,8,14,0,165,4620,,
Curitiba,2020-04-25,401,4,14,0,165,4785,,
Curitiba,2020-04-26,404,3,15,1,165,4950,,
Curitiba,2020-04-27,414,10,16,1,165,5115,,
Curitiba,2020-04-28,426,12,17,1,165,5280,,
Curitiba,2020-04-29,434,8,17,0,165,5445,,
Curitiba,2020-04-30,444,10,17,0,165,5610,,
Curitiba,2020-05-01,453,9,23,6,165,5775,,
Curitiba,2020-05-02,467,14,23,0,165,5940,,
Curitiba,2020-05-03,470,3,23,0,165,6105,,
Curitiba,2020-05-04,485,15,23,0,165,6270,,
Curitiba,2020-05-05,491,6,26,3,165,6435,,
Curitiba,2020-05-06,500,9,26,0,165,6600,,
Curitiba,2020-05-07,506,6,27,1,165,6765,,
Curitiba,2020-05-08,514,8,28,1,165,6930,,
Curitiba,2020-05-09,541,27,29,1,165,7095,,
Curitiba,2020-05-10,553,12,29,0,165,7260,,
Curitiba,2020-05-11,554,1,29,0,165,7425,,
Curitiba,2020-05-12,557,3,29,0,165,7590,,
Curitiba,2020-05-13,571,14,30,1,165,7755,,
Curitiba,2020-05-14,582,11,31,1,165,7920,,
Curitiba,2020-05-15,607,25,32,1,165,8085,,
Curitiba,2020-05-16,629,22,33,1,165,8250,,
Curitiba,2020-05-17,639,10,33,0,165,8415,,
Curitiba,2020-05-18,642,3,34,1,165,8580,,
Curitiba,2020-05-19,648,6,34,0,165,8745,,
Curitiba,2020-05-20,677,29,34,0,165,8910,,
Curitiba,2020-05-21,711,34,35,1,165,9075,,
Curitiba,2020-05-22,728,17,35,0,165,9240,,
Curitiba,2020-05-23,751,23,36,1,165,9405,,
Curitiba,2020-05-24,778,27,36,0,165,9570,,
Curitiba,2020-05-25,790,12,36,0,165,9735,,
Curitiba,2020-05-26,816,26,37,1,165,9900,,
Curitiba,2020-05-27,852,36,37,0,165,10065,,
Curitiba,2020-05-28,904,52,39,2,165,10230,,
Curitiba,2020-05-29,921,17,42,3,165,10395,,
Curitiba,2020-05-30,945,24,47,5,165,10560,,
Curitiba,2020-05-31,984,39,47,0,165,10725,,
Curitiba,2020-06-01,1005,21,49,2,165,10890,,
Curitiba,2020-06-02,1028,23,51,2,165,11055,,
Curitiba,2020-06-03,1099,71,53,2,165,11220,,
Curitiba,2020-06-04,1143,44,53,0,165,11385,,
Curitiba,2020-06-05,1231,88,55,2,165,11550,,
Curitiba,2020-06-06,1265,34,54,-1,165,11715,,
Curitiba,2020-06-07,1312,47,57,3,165,11880,,
Curitiba,2020-06-08,1322,10,58,1,165,12045,,
Curitiba,2020-06-09,1357,35,62,4,165,12210,,
Curitiba,2020-06-10,1420,63,67,5,165,12375,,
Curitiba,2020-06-11,1541,121,67,0,165,12540,,
Curitiba,2020-06-12,1579,38,75,8,165,12705,,
Curitiba,2020-06-13,1676,97,76,1,165,12870,,
Curitiba,2020-06-14,1736,60,78,2,165,13035,,
Curitiba,2020-06-15,1770,34,79,1,165,13200,,
Curitiba,2020-06-16,1898,128,83,4,165,13365,,
Curitiba,2020-06-17,1945,47,90,7,165,13530,,
Curitiba,2020-06-18,2060,115,95,5,165,13695,,
Curitiba,2020-06-19,2253,193,98,3,165,13860,,
Curitiba,2020-06-20,2375,122,99,1,165,14025,,
Curitiba,2020-06-21,2487,112,103,4,165,14190,,
Curitiba,2020-06-22,2666,179,110,7,165,14355,,
Curitiba,2020-06-23,2757,91,117,7,165,14520,,
Curitiba,2020-06-24,2968,211,120,3,165,14685,,
Curitiba,2020-06-25,3093,125,122,2,165,14850,,
Curitiba,2020-06-26,3208,115,128,6,165,15015,,
Curitiba,2020-06-27,3438,230,129,1,165,15180,,
Curitiba,2020-06-28,3696,258,134,5,165,15345,,
Curitiba,2020-06-29,3874,178,139,5,165,15510,,
Curitiba,2020-06-30,4115,241,145,6,175,15685,,
Natal,2020-03-27,0,0,0,0,0,0,,
Natal,2020-03-28,22,22,0,0,160,160,,
Natal,2020-03-29,34,12,0,0,160,320,,
Natal,2020-03-30,36,2,0,0,160,480,,
Natal,2020-03-31,42,6,0,0,160,640,,
Natal,2020-04-01,48,6,1,1,160,800,,
Natal,2020-04-02,56,8,1,0,160,960,,
Natal,2020-04-03,77,21,1,0,160,1120,,
Natal,2020-04-04,91,14,1,0,160,1280,,
Natal,2020-04-05,108,17,2,1,160,1440,,
Natal,2020-04-06,113,5,2,0,160,1600,,
Natal,2020-04-07,116,3,2,0,160,1760,,
Natal,2020-04-08,112,-4,3,1,160,1920,,
Natal,2020-04-09,112,0,3,0,160,2080,,
Natal,2020-04-10,117,5,3,0,160,2240,,
Natal,2020-04-11,131,14,3,0,160,2400,,
Natal,2020-04-12,136,5,4,1,160,2560,,
Natal,2020-04-13,145,9,4,0,160,2720,,
Natal,2020-04-14,159,14,5,1,160,2880,,
Natal,2020-04-15,171,12,5,0,160,3040,,
Natal,2020-04-16,172,1,5,0,160,3200,,
Natal,2020-04-17,204,32,5,0,160,3360,,
Natal,2020-04-18,236,32,5,0,160,3520,,
Natal,2020-04-19,259,23,5,0,160,3680,,
Natal,2020-04-20,279,20,6,1,160,3840,,
Natal,2020-04-21,283,4,6,0,160,4000,,
Natal,2020-04-22,304,21,7,1,160,4160,,
Natal,2020-04-23,335,31,8,1,160,4320,,
Natal,2020-04-24,358,23,8,0,160,4480,,
Natal,2020-04-25,370,12,9,1,160,4640,,
Natal,2020-04-26,397,27,9,0,160,4800,,
Natal,2020-04-27,396,-1,10,1,160,4960,,
Natal,2020-04-28,402,6,11,1,160,5120,,
Natal,2020-04-29,519,117,12,1,160,5280,,
Natal,2020-04-30,567,48,12,0,160,5440,,
Natal,2020-05-01,631,64,12,0,160,5600,,
Natal,2020-05-02,667,36,12,0,160,5760,,
Natal,2020-05-03,677,10,12,0,160,5920,,
Natal,2020-05-04,686,9,13,1,160,6080,,
Natal,2020-05-05,710,24,16,3,160,6240,,
Natal,2020-05-06,727,17,15,-1,160,6400,,
Natal,2020-05-07,802,75,16,1,160,6560,,
Natal,2020-05-08,829,27,17,1,160,6720,,
Natal,2020-05-09,872,43,19,2,160,6880,,
Natal,2020-05-10,871,-1,20,1,160,7040,,
Natal,2020-05-11,906,35,21,1,160,7200,,
Natal,2020-05-12,908,2,22,1,160,7360,,
Natal,2020-05-13,1025,117,22,0,160,7520,,
Natal,2020-05-14,1083,58,33,11,160,7680,,
Natal,2020-05-15,1185,102,35,2,160,7840,,
Natal,2020-05-16,1288,103,36,1,160,8000,,
Natal,2020-05-17,1359,71,36,0,160,8160,,
Natal,2020-05-18,1380,21,40,4,160,8320,,
Natal,2020-05-19,1451,71,43,3,160,8480,,
Natal,2020-05-20,1583,132,46,3,160,8640,,
Natal,2020-05-21,1668,85,49,3,160,8800,,
Natal,2020-05-22,1727,59,49,0,160,8960,,
Natal,2020-05-23,1865,138,50,1,160,9120,,
Natal,2020-05-24,1892,27,64,14,160,9280,,
Natal,2020-05-25,1895,3,64,0,160,9440,,
Natal,2020-05-26,2169,274,66,2,160,9600,,
Natal,2020-05-27,2221,52,76,10,160,9760,,
Natal,2020-05-28,2221,0,76,0,160,9920,,
Natal,2020-05-29,2576,355,85,9,160,10080,,
Natal,2020-05-30,2908,332,100,15,160,10240,,
Natal,2020-05-31,2908,0,100,0,160,10400,,
Natal,2020-06-01,3103,195,105,5,160,10560,,
Natal,2020-06-02,3209,106,113,8,160,10720,,
Natal,2020-06-03,3497,288,126,13,160,10880,,
Natal,2020-06-04,3538,41,127,1,160,11040,,
Natal,2020-06-05,3610,72,131,4,160,11200,,
Natal,2020-06-06,3614,4,140,9,160,11360,,
Natal,2020-06-07,3614,0,142,2,160,11520,,
Natal,2020-06-08,4139,525,145,3,160,11680,,
Natal,2020-06-09,4208,69,163,18,160,11840,,
Natal,2020-06-10,4367,159,168,5,160,12000,,
Natal,2020-06-11,4969,602,171,3,160,12160,,
Natal,2020-06-12,5081,112,177,6,160,12320,,
Natal,2020-06-13,5235,154,183,6,160,12480,,
Natal,2020-06-14,5375,140,183,0,160,12640,,
Natal,2020-06-15,5387,12,189,6,160,12800,,
Natal,2020-06-16,5804,417,204,15,160,12960,,
Natal,2020-06-17,5804,0,204,0,160,13120,,
Natal,2020-06-18,6029,225,242,38,160,13280,,
Natal,2020-06-19,6091,62,258,16,160,13440,,
Natal,2020-06-20,7488,1397,262,4,160,13600,,
Natal,2020-06-21,7510,22,263,1,160,13760,,
Natal,2020-06-22,7638,128,276,13,160,13920,,
Natal,2020-06-23,7673,35,287,11,160,14080,,
Natal,2020-06-24,8351,678,310,23,160,14240,,
Natal,2020-06-25,8773,422,328,18,160,14400,,
Natal,2020-06-26,9234,461,343,15,160,14560,,
Natal,2020-06-27,9429,195,345,2,160,14720,,
Natal,2020-06-28,9483,54,360,15,160,14880,,
Natal,2020-06-29,11357,1874,416,56,160,15040,,
Natal,2020-06-30,11603,246,442,26,163,15203,,
Sao Jose Rio Preto,2020-03-27,0,0,0,0,0,0,,
Sao Jose Rio Preto,2020-03-28,1,1,0,0,64,64,,
Sao Jose Rio Preto,2020-03-29,1,0,0,0,64,128,,
Sao Jose Rio Preto,2020-03-30,3,2,0,0,64,192,,
Sao Jose Rio Preto,2020-03-31,6,3,0,0,64,256,,
Sao Jose Rio Preto,2020-04-01,7,1,0,0,64,320,,
Sao Jose Rio Preto,2020-04-02,7,0,0,0,64,384,,
Sao Jose Rio Preto,2020-04-03,7,0,0,0,64,448,,
Sao Jose Rio Preto,2020-04-04,9,2,0,0,64,512,,
Sao Jose Rio Preto,2020-04-05,10,1,0,0,64,576,,
Sao Jose Rio Preto,2020-04-06,13,3,0,0,64,640,,
Sao Jose Rio Preto,2020-04-07,28,15,1,1,64,704,,
Sao Jose Rio Preto,2020-04-08,36,8,1,0,64,768,,
Sao Jose Rio Preto,2020-04-09,41,5,1,0,64,832,,
Sao Jose Rio Preto,2020-04-10,41,0,1,0,64,896,,
Sao Jose Rio Preto,2020-04-11,40,-1,1,0,64,960,,
Sao Jose Rio Preto,2020-04-12,44,4,1,0,64,1024,,
Sao Jose Rio Preto,2020-04-13,46,2,1,0,64,1088,,
Sao Jose Rio Preto,2020-04-14,56,10,3,2,64,1152,,
Sao Jose Rio Preto,2020-04-15,61,5,3,0,64,1216,,
Sao Jose Rio Preto,2020-04-16,65,4,3,0,64,1280,,
Sao Jose Rio Preto,2020-04-17,68,3,4,1,64,1344,,
Sao Jose Rio Preto,2020-04-18,70,2,4,0,64,1408,,
Sao Jose Rio Preto,2020-04-19,71,1,6,2,64,1472,,
Sao Jose Rio Preto,2020-04-20,71,0,7,1,64,1536,,
Sao Jose Rio Preto,2020-04-21,72,1,8,1,64,1600,,
Sao Jose Rio Preto,2020-04-22,73,1,8,0,64,1664,,
Sao Jose Rio Preto,2020-04-23,74,1,8,0,64,1728,,
Sao Jose Rio Preto,2020-04-24,71,-3,8,0,64,1792,,
Sao Jose Rio Preto,2020-04-25,76,5,8,0,64,1856,,
Sao Jose Rio Preto,2020-04-26,77,1,8,0,64,1920,,
Sao Jose Rio Preto,2020-04-27,82,5,8,0,64,1984,,
Sao Jose Rio Preto,2020-04-28,83,1,8,0,64,2048,,
Sao Jose Rio Preto,2020-04-29,85,2,8,0,64,2112,,
Sao Jose Rio Preto,2020-04-30,88,3,8,0,64,2176,,
Sao Jose Rio Preto,2020-05-01,92,4,8,0,64,2240,,
Sao Jose Rio Preto,2020-05-02,112,20,8,0,64,2304,,
Sao Jose Rio Preto,2020-05-03,109,-3,8,0,64,2368,,
Sao Jose Rio Preto,2020-05-04,115,6,8,0,64,2432,,
Sao Jose Rio Preto,2020-05-05,117,2,9,1,64,2496,,
Sao Jose Rio Preto,2020-05-06,134,17,9,0,64,2560,,
Sao Jose Rio Preto,2020-05-07,142,8,10,1,64,2624,,
Sao Jose Rio Preto,2020-05-08,162,20,10,0,64,2688,,
Sao Jose Rio Preto,2020-05-09,198,36,10,0,64,2752,,
Sao Jose Rio Preto,2020-05-10,275,77,10,0,64,2816,,
Sao Jose Rio Preto,2020-05-11,276,1,10,0,64,2880,,
Sao Jose Rio Preto,2020-05-12,295,19,10,0,64,2944,,
Sao Jose Rio Preto,2020-05-13,307,12,10,0,64,3008,,
Sao Jose Rio Preto,2020-05-14,325,18,11,1,64,3072,,
Sao Jose Rio Preto,2020-05-15,349,24,12,1,64,3136,,
Sao Jose Rio Preto,2020-05-16,358,9,12,0,64,3200,,
Sao Jose Rio Preto,2020-05-17,359,1,12,0,64,3264,,
Sao Jose Rio Preto,2020-05-18,422,63,13,1,64,3328,,
Sao Jose Rio Preto,2020-05-19,428,6,16,3,64,3392,,
Sao Jose Rio Preto,2020-05-20,438,10,17,1,64,3456,,
Sao Jose Rio Preto,2020-05-21,448,10,18,1,64,3520,,
Sao Jose Rio Preto,2020-05-22,462,14,18,0,64,3584,,
Sao Jose Rio Preto,2020-05-23,537,75,18,0,64,3648,,
Sao Jose Rio Preto,2020-05-24,554,17,18,0,64,3712,,
Sao Jose Rio Preto,2020-05-25,562,8,19,1,64,3776,,
Sao Jose Rio Preto,2020-05-26,568,6,20,1,64,3840,,
Sao Jose Rio Preto,2020-05-27,585,17,20,0,64,3904,,
Sao Jose Rio Preto,2020-05-28,598,13,20,0,64,3968,,
Sao Jose Rio Preto,2020-05-29,634,36,23,3,64,4032,,
Sao Jose Rio Preto,2020-05-30,677,43,23,0,64,4096,,
Sao Jose Rio Preto,2020-05-31,697,20,23,0,64,4160,,
Sao Jose Rio Preto,2020-06-01,700,3,23,0,64,4224,,
Sao Jose Rio Preto,2020-06-02,736,36,23,0,64,4288,,
Sao Jose Rio Preto,2020-06-03,754,18,21,-2,64,4352,,
Sao Jose Rio Preto,2020-06-04,807,53,23,2,64,4416,,
Sao Jose Rio Preto,2020-06-05,827,20,23,0,64,4480,,
Sao Jose Rio Preto,2020-06-06,840,13,23,0,64,4544,,
Sao Jose Rio Preto,2020-06-07,862,22,26,3,64,4608,,
Sao Jose Rio Preto,2020-06-08,919,57,27,1,64,4672,,
Sao Jose Rio Preto,2020-06-09,978,59,31,4,64,4736,,
Sao Jose Rio Preto,2020-06-10,1006,28,31,0,64,4800,,
Sao Jose Rio Preto,2020-06-11,1059,53,31,0,64,4864,,
Sao Jose Rio Preto,2020-06-12,1169,110,34,3,64,4928,,
Sao Jose Rio Preto,2020-06-13,1245,76,36,2,64,4992,,
Sao Jose Rio Preto,2020-06-14,1284,39,37,1,64,5056,,
Sao Jose Rio Preto,2020-06-15,1301,17,39,2,64,5120,,
Sao Jose Rio Preto,2020-06-16,1323,22,42,3,64,5184,,
Sao Jose Rio Preto,2020-06-17,1352,29,46,4,64,5248,,
Sao Jose Rio Preto,2020-06-18,1364,12,46,0,64,5312,,
Sao Jose Rio Preto,2020-06-19,1629,265,52,6,64,5376,,
Sao Jose Rio Preto,2020-06-20,1718,89,53,1,64,5440,,
Sao Jose Rio Preto,2020-06-21,1798,80,54,1,64,5504,,
Sao Jose Rio Preto,2020-06-22,1832,34,55,1,64,5568,,
Sao Jose Rio Preto,2020-06-23,1900,68,60,5,64,5632,,
Sao Jose Rio Preto,2020-06-24,1993,93,60,0,64,5696,,
Sao Jose Rio Preto,2020-06-25,2085,92,61,1,64,5760,,
Sao Jose Rio Preto,2020-06-26,2236,151,66,5,64,5824,,
Sao Jose Rio Preto,2020-06-27,2313,77,70,4,64,5888,,
Sao Jose Rio Preto,2020-06-28,2477,164,71,1,64,5952,,
Sao Jose Rio Preto,2020-06-29,2575,98,76,5,64,6016,,
Sao Jose Rio Preto,2020-06-30,2597,22,80,4,27,6043,,
Barretos,2020-03-27,0,0,0,0,0,0,,
Barretos,2020-03-28,0,0,0,0,17,17,,
Barretos,2020-03-29,0,0,0,0,17,34,,
Barretos,2020-03-30,0,0,0,0,17,51,,
Barretos,2020-03-31,0,0,0,0,17,68,,
Barretos,2020-04-01,0,0,0,0,17,85,,
Barretos,2020-04-02,0,0,0,0,17,102,,
Barretos,2020-04-03,0,0,0,0,17,119,,
Barretos,2020-04-04,0,0,0,0,17,136,,
Barretos,2020-04-05,0,0,0,0,17,153,,
Barretos,2020-04-06,0,0,0,0,17,170,,
Barretos,2020-04-07,1,1,0,0,17,187,,
Barretos,2020-04-08,4,3,0,0,17,204,,
Barretos,2020-04-09,4,0,0,0,17,221,,
Barretos,2020-04-10,4,0,0,0,17,238,,
Barretos,2020-04-11,4,0,0,0,17,255,,
Barretos,2020-04-12,4,0,0,0,17,272,,
Barretos,2020-04-13,5,1,0,0,17,289,,
Barretos,2020-04-14,5,0,0,0,17,306,,
Barretos,2020-04-15,6,1,0,0,17,323,,
Barretos,2020-04-16,7,1,0,0,17,340,,
Barretos,2020-04-17,9,2,0,0,17,357,,
Barretos,2020-04-18,9,0,0,0,17,374,,
Barretos,2020-04-19,9,0,0,0,17,391,,
Barretos,2020-04-20,9,0,0,0,17,408,,
Barretos,2020-04-21,11,2,2,2,17,425,,
Barretos,2020-04-22,15,4,2,0,17,442,,
Barretos,2020-04-23,15,0,2,0,17,459,,
Barretos,2020-04-24,18,3,2,0,17,476,,
Barretos,2020-04-25,19,1,2,0,17,493,,
Barretos,2020-04-26,19,0,2,0,17,510,,
Barretos,2020-04-27,19,0,2,0,17,527,,
Barretos,2020-04-28,24,5,2,0,17,544,,
Barretos,2020-04-29,26,2,3,1,17,561,,
Barretos,2020-04-30,47,21,3,0,17,578,,
Barretos,2020-05-01,52,5,3,0,17,595,,
Barretos,2020-05-02,53,1,3,0,17,612,,
Barretos,2020-05-03,53,0,3,0,17,629,,
Barretos,2020-05-04,54,1,3,0,17,646,,
Barretos,2020-05-05,55,1,3,0,17,663,,
Barretos,2020-05-06,55,0,3,0,17,680,,
Barretos,2020-05-07,62,7,3,0,17,697,,
Barretos,2020-05-08,66,4,3,0,17,714,,
Barretos,2020-05-09,67,1,4,1,17,731,,
Barretos,2020-05-10,68,1,4,0,17,748,,
Barretos,2020-05-11,68,0,4,0,17,765,,
Barretos,2020-05-12,70,2,4,0,17,782,,
Barretos,2020-05-13,75,5,4,0,17,799,,
Barretos,2020-05-14,83,8,5,1,17,816,,
Barretos,2020-05-15,90,7,6,1,17,833,,
Barretos,2020-05-16,106,16,6,0,17,850,,
Barretos,2020-05-17,109,3,6,0,17,867,,
Barretos,2020-05-18,110,1,6,0,17,884,,
Barretos,2020-05-19,114,4,6,0,17,901,,
Barretos,2020-05-20,121,7,7,1,17,918,,
Barretos,2020-05-21,130,9,7,0,17,935,,
Barretos,2020-05-22,132,2,7,0,17,952,,
Barretos,2020-05-23,136,4,7,0,17,969,,
Barretos,2020-05-24,150,14,7,0,17,986,,
Barretos,2020-05-25,154,4,7,0,17,1003,,
Barretos,2020-05-26,154,0,7,0,17,1020,,
Barretos,2020-05-27,156,2,8,1,17,1037,,
Barretos,2020-05-28,166,10,10,2,17,1054,,
Barretos,2020-05-29,187,21,10,0,17,1071,,
Barretos,2020-05-30,216,29,10,0,17,1088,,
Barretos,2020-05-31,216,0,10,0,17,1105,,
Barretos,2020-06-01,216,0,10,0,17,1122,,
Barretos,2020-06-02,251,35,10,0,17,1139,,
Barretos,2020-06-03,261,10,10,0,17,1156,,
Barretos,2020-06-04,272,11,11,1,17,1173,,
Barretos,2020-06-05,277,5,12,1,17,1190,,
Barretos,2020-06-06,285,8,12,0,17,1207,,
Barretos,2020-06-07,296,11,12,0,17,1224,,
Barretos,2020-06-08,297,1,12,0,17,1241,,
Barretos,2020-06-09,321,24,13,1,17,1258,,
Barretos,2020-06-10,342,21,13,0,17,1275,,
Barretos,2020-06-11,352,10,14,1,17,1292,,
Barretos,2020-06-12,386,34,14,0,17,1309,,
Barretos,2020-06-13,399,13,14,0,17,1326,,
Barretos,2020-06-14,401,2,14,0,17,1343,,
Barretos,2020-06-15,404,3,14,0,17,1360,,
Barretos,2020-06-16,419,15,14,0,17,1377,,
Barretos,2020-06-17,424,5,16,2,17,1394,,
Barretos,2020-06-18,425,1,16,0,17,1411,,
Barretos,2020-06-19,588,163,17,1,17,1428,,
Barretos,2020-06-20,670,82,18,1,17,1445,,
Barretos,2020-06-21,684,14,18,0,17,1462,,
Barretos,2020-06-22,687,3,18,0,17,1479,,
Barretos,2020-06-23,719,32,19,1,17,1496,,
Barretos,2020-06-24,783,64,23,4,17,1513,,
Barretos,2020-06-25,812,29,26,3,17,1530,,
Barretos,2020-06-26,864,52,27,1,17,1547,,
Barretos,2020-06-27,888,24,33,6,17,1564,,
Barretos,2020-06-28,934,46,33,0,17,1581,,
Barretos,2020-06-29,936,2,33,0,17,1598,,
Barretos,2020-06-30,988,52,36,3,4,1602,,
Campinas,2020-03-03,0,0,0,0,0,0,0,
Campinas,2020-03-04,1,1,0,0,166,166,0,
Campinas,2020-03-05,0,0,0,0,166,332,0,
Campinas,2020-03-06,0,0,0,0,166,498,0,
Campinas,2020-03-07,0,0,0,0,166,664,0,
Campinas,2020-03-08,2,1,0,0,166,830,0,
Campinas,2020-03-09,0,0,0,0,166,996,0,
Campinas,2020-03-10,0,0,0,0,166,1162,0,
Campinas,2020-03-11,0,0,0,0,166,1328,0,
Campinas,2020-03-12,3,1,0,0,166,1494,0,
Campinas,2020-03-13,0,0,0,0,166,1660,0,
Campinas,2020-03-14,0,0,0,0,166,1826,0,
Campinas,2020-03-15,0,0,0,0,166,1992,0,
Campinas,2020-03-16,4,1,0,0,166,2158,0,
Campinas,2020-03-17,0,0,0,0,166,2324,0,
Campinas,2020-03-18,0,0,0,0,166,2490,0,
Campinas,2020-03-19,0,0,0,0,166,2656,0,
Campinas,2020-03-20,0,0,0,0,166,2822,0,
Campinas,2020-03-21,5,1,0,0,166,2988,0,
Campinas,2020-03-22,0,0,0,0,166,3154,0,
Campinas,2020-03-23,0,0,0,0,166,3320,0,
Campinas,2020-03-24,0,0,0,0,166,3486,0,
Campinas,2020-03-25,6,1,0,0,166,3652,0,
Campinas,2020-03-26,0,0,0,0,166,3818,0,
Campinas,2020-03-27,0,0,0,0,166,3984,0,
Campinas,2020-03-28,8,2,0,0,166,4150,0,
Campinas,2020-03-29,10,2,0,0,166,4316,0,
Campinas,2020-03-30,11,1,0,0,166,4482,0,
Campinas,2020-03-31,15,4,1,1,166,4648,0,
Campinas,2020-04-01,22,7,1,0,166,4814,0,
Campinas,2020-04-02,23,1,1,0,166,4980,0,
Campinas,2020-04-03,24,1,1,0,166,5146,0,
Campinas,2020-04-04,26,2,4,3,166,5312,0,
Campinas,2020-04-05,26,0,4,0,166,5478,0,
Campinas,2020-04-06,28,2,4,0,166,5644,0,
Campinas,2020-04-07,50,22,4,0,166,5810,0,
Campinas,2020-04-08,72,22,5,1,166,5976,0,
Campinas,2020-04-09,83,11,5,0,166,6142,0,
Campinas,2020-04-10,100,17,5,0,166,6308,0,
Campinas,2020-04-11,100,0,5,0,166,6474,0,
Campinas,2020-04-12,106,6,5,0,166,6640,0,
Campinas,2020-04-13,107,1,5,0,166,6806,0,
Campinas,2020-04-14,112,5,5,0,166,6972,0,
Campinas,2020-04-15,142,30,5,0,166,7138,0,
Campinas,2020-04-16,149,7,7,2,166,7304,0,
Campinas,2020-04-17,164,15,7,0,166,7470,0,
Campinas,2020-04-18,184,20,7,0,166,7636,0,
Campinas,2020-04-19,184,0,7,0,166,7802,0,
Campinas,2020-04-20,192,8,7,0,166,7968,0,
Campinas,2020-04-21,199,7,7,0,166,8134,0,
Campinas,2020-04-22,202,3,9,2,166,8300,0,
Campinas,2020-04-23,211,9,9,0,166,8466,0,
Campinas,2020-04-24,229,18,11,2,166,8632,0,
Campinas,2020-04-25,256,27,11,0,166,8798,0,
Campinas,2020-04-26,262,6,12,1,166,8964,0,
Campinas,2020-04-27,279,17,12,0,166,9130,0,
Campinas,2020-04-28,320,41,12,0,166,9296,0,
Campinas,2020-04-29,344,24,16,4,166,9462,0,
Campinas,2020-04-30,369,25,18,2,166,9628,0,
Campinas,2020-05-01,372,3,19,1,166,9794,0,
Campinas,2020-05-02,380,8,20,1,166,9960,0,
Campinas,2020-05-03,402,22,21,1,166,10126,0,
Campinas,2020-05-04,403,1,21,0,166,10292,0,
Campinas,2020-05-05,430,27,24,3,166,10458,0,
Campinas,2020-05-06,559,129,24,0,166,10624,0,
Campinas,2020-05-07,559,0,24,0,166,10790,0,
Campinas,2020-05-08,559,0,25,1,166,10956,0,
Campinas,2020-05-09,595,36,25,0,166,11122,0,
Campinas,2020-05-10,609,14,25,0,166,11288,0,
Campinas,2020-05-11,615,6,26,1,166,11454,0,
Campinas,2020-05-12,643,28,27,1,166,11620,0,
Campinas,2020-05-13,730,87,27,0,166,11786,0,
Campinas,2020-05-14,769,39,29,2,166,11952,0,
Campinas,2020-05-15,840,71,33,4,166,12118,0,
Campinas,2020-05-16,946,106,35,2,166,12284,0,
Campinas,2020-05-17,987,41,37,2,166,12450,0,
Campinas,2020-05-18,1006,19,41,4,166,12616,0,
Campinas,2020-05-19,1073,67,42,1,166,12782,0,
Campinas,2020-05-20,1132,59,44,2,166,12948,0,
Campinas,2020-05-21,1192,60,45,1,166,13114,0,
Campinas,2020-05-22,1247,55,47,2,166,13280,0,
Campinas,2020-05-23,1306,59,52,5,166,13446,0,
Campinas,2020-05-24,1335,29,53,1,166,13612,0,
Campinas,2020-05-25,1382,47,57,4,166,13778,0,
Campinas,2020-05-26,1415,33,61,4,500,14278,0,
Campinas,2020-05-27,1454,39,64,3,500,14778,0,
Campinas,2020-05-28,1520,66,65,1,500,15278,0,
Campinas,2020-05-29,1627,107,69,4,500,15778,0,
Campinas,2020-05-30,1733,106,74,5,500,16278,0,
Campinas,2020-05-31,1753,20,75,1,500,16778,0,
Campinas,2020-06-01,1822,69,78,3,500,17278,0,
Campinas,2020-06-02,1928,106,79,1,500,17778,0,
Campinas,2020-06-03,2099,171,80,1,500,18278,0,
Campinas,2020-06-04,2247,148,90,10,500,18778,0,
Campinas,2020-06-05,2414,167,93,3,500,19278,0,
Campinas,2020-06-06,2604,190,101,8,500,19778,0,
Campinas,2020-06-07,2717,113,104,3,500,20278,0,
Campinas,2020-06-08,2752,35,107,3,500,20778,0,
Campinas,2020-06-09,2914,162,116,9,500,21278,0,
Campinas,2020-06-10,3121,207,121,5,500,21778,0,
Campinas,2020-06-11,3291,170,130,9,500,22278,0,
Campinas,2020-06-12,3490,199,136,6,500,22778,0,
Campinas,2020-06-13,3682,192,148,12,500,23278,0,
Campinas,2020-06-14,3852,170,148,0,500,23778,0,
Campinas,2020-06-15,3884,32,149,1,500,24278,0,
Campinas,2020-06-16,4257,373,164,15,500,24778,0,
Campinas,2020-06-17,4302,45,185,21,500,25278,0,
Campinas,2020-06-18,4330,28,194,9,500,25778,0,
Campinas,2020-06-19,5127,797,203,9,1000,26778,0,
Campinas,2020-06-20,5317,190,211,8,1000,27778,0,
Campinas,2020-06-21,5459,142,211,0,1000,28778,0,
Campinas,2020-06-22,5638,179,213,2,1000,29778,0,
Campinas,2020-06-23,5890,252,236,23,1000,30778,0,
Campinas,2020-06-24,6324,434,253,17,1000,31778,0,
Campinas,2020-06-25,6604,280,271,18,1000,32778,0,
Campinas,2020-06-26,6944,340,278,7,1000,33778,0,
Campinas,2020-06-27,7274,330,292,14,1000,34778,0,
Campinas,2020-06-28,7626,352,293,1,1000,35778,0,
Campinas,2020-06-29,7743,117,297,4,1000,36778,0,
Campinas,2020-06-30,8020,277,316,19,1000,37778,0,
Campinas,2020-07-01,8424,404,324,8,1000,38778,0,
Campinas,2020-07-02,8773,349,341,17,1000,39778,0,
Campinas,2020-07-03,9051,278,354,13,1000,40778,0,
Campinas,2020-07-04,9130,79,364,10,1000,41778,0,
Campinas,2020-07-05,9433,303,370,6,1000,42778,0,
Campinas,2020-07-06,9624,191,374,4,1000,43778,0,
